Cidade,Rede,Série,Disciplina,Matriculados na Série,Taxa de Participação (%),Percentual Insuficiente (%),Percentual Básico (%),Percentual Proficiente (%),Percentual Avançado (%),Percentual Aprendizado Adequado (%),Crescimento entre 2013 e 2015 (pp*)
Adamantina,Todas,9º ano,Matemática,242,83.47,24.49,56.21,16.58,2.72,19.3,0.99
Adolfo,Todas,9º ano,Matemática,62,88.70999999999999,37.13,50.37,10.82,1.68,12.5,-7.32
Aguaí,Todas,9º ano,Matemática,402,81.34,23.57,57.12,17.24,2.07,19.31,3.02
Águas Da Prata,Todas,9º ano,Matemática,76,85.53,18.59,55.74,22.3,3.37,25.68,10.29
Águas De Lindóia,Todas,9º ano,Matemática,235,89.36,21.73,53.43,21.08,3.76,24.85,-4.87
Águas De Santa Bárbara,Todas,9º ano,Matemática,90,100,20.47,51.11,18.11,10.31,28.42,10.59
Águas De São Pedro,Todas,9º ano,Matemática,67,89.55,11.91,58.07,23.16,6.86,30.03,-3.25
Agudos,Todas,9º ano,Matemática,492,80.28,29.11,56.8,12.45,1.64,14.08,4.6
Alambari,Todas,9º ano,Matemática,93,91.40000000000001,33.9,46.98,18.01,1.11,19.12,5.02
Alfredo Marcondes,Todas,9º ano,Matemática,52,92.31,29.6,36.96,25.08,8.359999999999999,33.44,-1.9
Altair,Todas,9º ano,Matemática,49,85.70999999999999,23.63,67.31,6.8,2.26,9.06,4.59
Altinópolis,Todas,9º ano,Matemática,123,96.75,21.25,60.19,17.32,1.24,18.56,3.01
Alto Alegre,Todas,9º ano,Matemática,50,100,25.58,53.28,19.26,1.88,21.14,9.359999999999999
Alumínio,Todas,9º ano,Matemática,274,81.39,24.61,64.12,11.27,0,11.27,-5.76
Álvares Florence,Todas,9º ano,Matemática,43,86.05,22.13,63.71,11.07,3.09,14.16,0.99
Álvares Machado,Todas,9º ano,Matemática,188,62.23,32.31,58.24,9.449999999999999,0,9.449999999999999,0.93
Álvaro De Carvalho,Todas,9º ano,Matemática,56,87.5,60.96,39.04,0,0,0,-11.04
Alvinlândia,Todas,9º ano,Matemática,63,68.25,45.32,36.19,14.63,3.86,18.49,4.24
Americana,Todas,9º ano,Matemática,Sem dados de participação*,Sem dados de participação*,18.76,53.77,23.75,3.72,27.47,6.22
Américo Brasiliense,Todas,9º ano,Matemática,535,83.93000000000001,28.94,60.15,10.28,0.63,10.91,-1.13
Américo De Campos,Todas,9º ano,Matemática,97,96.91,25.57,52.1,18.99,3.34,22.33,-9.98
Amparo,Todas,9º ano,Matemática,585,83.76000000000001,22.22,54.95,19.88,2.95,22.83,1.92
Analândia,Todas,9º ano,Matemática,52,69.23,15.42,56.63,25.33,2.62,27.94,3.19
Andradina,Todas,9º ano,Matemática,573,87.78,21.94,56.44,18.65,2.97,21.62,3.95
Angatuba,Todas,9º ano,Matemática,260,89.62,18.02,51.32,26.52,4.14,30.66,6.55
Anhembi,Todas,9º ano,Matemática,80,81.25,34.55,58.68,6.77,0,6.78,-6.17
Anhumas,Todas,9º ano,Matemática,66,83.33,34.45,49.4,12.79,3.36,16.14,-0.77
Aparecida,Todas,9º ano,Matemática,515,90.09999999999999,17.29,63.19,16.96,2.56,19.52,-6.89
Aparecida D'oeste,Todas,9º ano,Matemática,69,86.95999999999999,16.39,61.06,18.27,4.28,22.55,-3.63
Apiaí,Todas,9º ano,Matemática,321,76.01000000000001,22.54,56.77,17.67,3.02,20.7,6.97
Araçariguama,Todas,9º ano,Matemática,245,75.51000000000001,34.29,53.46,10.62,1.63,12.25,0.6899999999999999
Araçatuba,Todas,9º ano,Matemática,2050,83.41,31.59,54.68,12.79,0.9399999999999999,13.73,0.07000000000000001
Araçoiaba Da Serra,Todas,9º ano,Matemática,454,81.72,27.82,52.42,17.65,2.11,19.76,5.48
Aramina,Todas,9º ano,Matemática,82,89.02,34.2,52.24,11.07,2.49,13.56,-15.01
Arandu,Todas,9º ano,Matemática,65,83.08,29.54,51.86,16.63,1.97,18.6,0.57
Arapeí,Todas,9º ano,Matemática,32,87.5,45.46,51.42,0,3.12,3.13,-3.93
Araraquara,Todas,9º ano,Matemática,Sem dados de participação*,Sem dados de participação*,29.25,53.81,14.67,2.27,16.95,1.46
Araras,Todas,9º ano,Matemática,1201,87.68000000000001,19.25,54.71,21.58,4.46,26.04,-1.82
Arco-Íris,Todas,9º ano,Matemática,28,92.86,38.46,53.86,7.68,0,7.68,-16.12
Arealva,Todas,9º ano,Matemática,99,76.77,19.42,55.98,20.99,3.61,24.6,5.33
Areias,Todas,9º ano,Matemática,62,87.09999999999999,26.62,53.59,19.79,0,19.79,5.97
Areiópolis,Todas,9º ano,Matemática,181,88.95,19.83,60.14,18.77,1.26,20.03,11.72
Ariranha,Todas,9º ano,Matemática,96,86.45999999999999,26.49,57.91,13.16,2.44,15.6,4.31
Artur Nogueira,Todas,9º ano,Matemática,708,83.76000000000001,24.38,58.56,15.38,1.68,17.06,-2.3
Arujá,Todas,9º ano,Matemática,1483,82.2,29.6,55.84,12.8,1.76,14.56,2.1
Aspásia,Todas,9º ano,Matemática,21,100,17.38,47.81,21.76,13.05,34.76,23.7
Assis,Todas,9º ano,Matemática,1081,76.59999999999999,18.14,57.29,21.21,3.36,24.57,4.63
Atibaia,Todas,9º ano,Matemática,985,84.77,21.83,54.56,20.16,3.45,23.61,6.78
Auriflama,Todas,9º ano,Matemática,135,93.33,20.69,53.73,20.72,4.86,25.57,3.14
Avaí,Todas,9º ano,Matemática,65,75.38,53.51,38.54,7.95,0,7.95,-3.51
Avanhandava,Todas,9º ano,Matemática,125,84.8,20.68,65.51000000000001,13.81,0,13.81,1.36
Avaré,Todas,9º ano,Matemática,1070,82.06,24.66,57.47,16.48,1.39,17.88,2.14
Bady Bassitt,Todas,9º ano,Matemática,231,82.25,21.5,52.61,20.02,5.87,25.89,-1.91
Bálsamo,Todas,9º ano,Matemática,103,87.38,31.33,51.6,16.13,0.9399999999999999,17.08,-0.85
Bananal,Todas,9º ano,Matemática,140,82.86,33.02,50.15,12.75,4.08,16.83,2.14
Barão De Antonina,Todas,9º ano,Matemática,61,83.61,28.52,48.61,20.74,2.13,22.87,0.63
Barbosa,Todas,9º ano,Matemática,96,90.63,45.32,52.25,2.43,0,2.43,-6.86
Bariri,Todas,9º ano,Matemática,353,92.06999999999999,20.56,47.55,25.49,6.4,31.89,7.57
Barra Bonita,Todas,9º ano,Matemática,314,84.39,30.23,53.96,14.31,1.5,15.81,-0.9
Barra Do Chapéu,Todas,9º ano,Matemática,62,85.48,26.39,60.42,13.19,0,13.19,0.73
Barra Do Turvo,Todas,9º ano,Matemática,121,81.81999999999999,36.47,51.86,11.67,0,11.67,7.61
Barretos,Todas,9º ano,Matemática,1112,83.63,24.68,57.46,15.6,2.26,17.86,2.26
Barrinha,Todas,9º ano,Matemática,461,86.77,28.09,57.34,13.65,0.92,14.57,0.45
Barueri,Todas,9º ano,Matemática,5064,87.73999999999999,15.27,58.18,22.63,3.92,26.54,5.55
Bastos,Todas,9º ano,Matemática,303,84.16,19.99,55.77,18.15,6.09,24.24,6.63
Batatais,Todas,9º ano,Matemática,689,88.09999999999999,22.78,56.21,18.02,2.99,21.01,5.87
Bauru,Todas,9º ano,Matemática,Sem dados de participação*,Sem dados de participação*,32.73,51.99,13.72,1.56,15.28,3.97
Bebedouro,Todas,9º ano,Matemática,839,82.36,30.46,54.05,13.27,2.22,15.49,4.8
Bento De Abreu,Todas,9º ano,Matemática,30,93.33,21.43,64.28,14.29,0,14.3,9.109999999999999
Bernardino De Campos,Todas,9º ano,Matemática,127,81.09999999999999,14.6,68.31999999999999,16.13,0.95,17.09,-6.33
Bertioga,Todas,9º ano,Matemática,966,84.47,33.48,57.04,8.75,0.73,9.48,4.15
Bilac,Todas,9º ano,Matemática,93,87.09999999999999,18.97,58.84,19.53,2.66,22.19,5.1
Birigui,Todas,9º ano,Matemática,950,84.73999999999999,18.62,57.58,20.08,3.72,23.81,2.03
Biritiba-Mirim,Todas,9º ano,Matemática,498,75.5,31.35,53.99,12.56,2.1,14.65,7.14
Boa Esperança Do Sul,Todas,9º ano,Matemática,229,86.03,35.68,60.92,3.4,0,3.4,-5.16
Bocaina,Todas,9º ano,Matemática,149,75.84,40.92,48.54,9.710000000000001,0.83,10.53,-5.68
Bofete,Todas,9º ano,Matemática,110,81.81999999999999,28.93,54.63,15.57,0.87,16.44,3.27
Boituva,Todas,9º ano,Matemática,742,90.84,20.84,53.4,22.99,2.77,25.76,10.29
Bom Jesus Dos Perdões,Todas,9º ano,Matemática,336,88.09999999999999,27.24,59.69,11.98,1.09,13.07,-3.77
Bom Sucesso De Itararé,Todas,9º ano,Matemática,104,84.62,35.4,50.07,13.34,1.19,14.53,-2.58
Boracéia,Todas,9º ano,Matemática,41,100,15.34,62.27,19.85,2.54,22.39,-11.43
Borborema,Todas,9º ano,Matemática,170,95.29000000000001,20.99,57.61,20.16,1.24,21.4,1.8
Borebi,Todas,9º ano,Matemática,56,80.36,37.3,45.5,12.97,4.23,17.2,8.44
Botucatu,Todas,9º ano,Matemática,1325,80.59999999999999,30.71,52.55,14.07,2.67,16.74,5.66
Bragança Paulista,Todas,9º ano,Matemática,1844,81.40000000000001,23.56,58.25,16.26,1.93,18.19,5.53
Braúna,Todas,9º ano,Matemática,69,95.65000000000001,29.59,45.15,20.62,4.64,25.28,19
Brejo Alegre,Todas,9º ano,Matemática,57,84.20999999999999,49.18,41.82,7.19,1.81,9,-12.2
Brodowski,Todas,9º ano,Matemática,296,75,24.38,60.09,14.08,1.45,15.53,0.06
Brotas,Todas,9º ano,Matemática,312,75.64,22.49,56.62,15.38,5.51,20.89,3.45
Buri,Todas,9º ano,Matemática,307,79.8,25.36,60.33,13.5,0.8100000000000001,14.31,2.97
Buritama,Todas,9º ano,Matemática,183,67.76000000000001,18.47,59.24,16.04,6.25,22.29,3.73
Buritizal,Todas,9º ano,Matemática,50,88,8.9,66.3,19.96,4.84,24.8,-5.96
Cabrália Paulista,Todas,9º ano,Matemática,81,79.01000000000001,39.22,51.27,8.01,1.5,9.51,-10.16
Cabreúva,Todas,9º ano,Matemática,830,82.89,29.2,55.76,12.73,2.31,15.04,-1.41
Caçapava,Todas,9º ano,Matemática,881,79.45999999999999,27.98,56.86,13.9,1.26,15.16,5.21
Cachoeira Paulista,Todas,9º ano,Matemática,254,87.01000000000001,22.97,60.68,14.74,1.61,16.35,5.28
Caconde,Todas,9º ano,Matemática,299,91.3,21.29,61.19,14.66,2.86,17.52,-1.6
Cafelândia,Todas,9º ano,Matemática,182,69.23,32.23,52.41,14.13,1.23,15.36,-0.49
Caiabu,Todas,9º ano,Matemática,46,80.43000000000001,43.85,42.56,10.48,3.11,13.59,-2.51
Caieiras,Todas,9º ano,Matemática,1255,85.09999999999999,27.45,56.3,15.03,1.22,16.25,4.72
Caiuá,Todas,9º ano,Matemática,Sem dados de participação*,Sem dados de participação*,23.23,62.69,14.08,0,14.09,7.58
Cajamar,Todas,9º ano,Matemática,1073,80.06,40.8,52.29,6.69,0.22,6.91,-1.31
Cajati,Todas,9º ano,Matemática,374,88.23999999999999,29.94,53.88,15.32,0.86,16.18,4.88
Cajobi,Todas,9º ano,Matemática,135,88.89,20.77,50.27,24.92,4.04,28.96,0.04
Cajuru,Todas,9º ano,Matemática,335,88.06,31.84,54.46,11.01,2.69,13.7,3.48
Campina Do Monte Alegre,Todas,9º ano,Matemática,66,87.88,18.72,63.6,16.01,1.67,17.68,9.57
Campinas,Todas,9º ano,Matemática,Sem dados de participação*,Sem dados de participação*,28.83,56.59,12.96,1.62,14.58,1.9
Campo Limpo Paulista,Todas,9º ano,Matemática,Sem dados de participação*,Sem dados de participação*,27.37,58.17,13.21,1.25,14.46,2.77
Campos Do Jordão,Todas,9º ano,Matemática,716,84.64,13.74,60.16,23.82,2.28,26.1,2.25
Campos Novos Paulista,Todas,9º ano,Matemática,74,83.78,18.49,56.17,18.88,6.46,25.34,16
Cananéia,Todas,9º ano,Matemática,217,81.56999999999999,19.26,58.86,20.08,1.8,21.88,9.82
Canas,Todas,9º ano,Matemática,74,95.95,27.89,59.22,12.89,0,12.89,4.43
Cândido Mota,Todas,9º ano,Matemática,316,89.87,19.68,54.22,24.08,2.02,26.11,11.45
Cândido Rodrigues,Todas,9º ano,Matemática,20,95,15.8,36.85,42.1,5.25,47.35,19.83
Canitar,Todas,9º ano,Matemática,111,61.26,43.73,41.81,14.46,0,14.46,8.19
Capão Bonito,Todas,9º ano,Matemática,615,86.67,16.09,55.31,24.89,3.71,28.6,11.77
Capela Do Alto,Todas,9º ano,Matemática,234,91.03,23.06,49.77,20.92,6.25,27.17,14.04
Capivari,Todas,9º ano,Matemática,517,84.72,17.67,60.56,20.07,1.7,21.76,0.24
Caraguatatuba,Todas,9º ano,Matemática,1685,81.90000000000001,22.18,59.42,15.87,2.53,18.39,3.42
Carapicuíba,Todas,9º ano,Matemática,5475,78.31999999999999,33.94,55.34,10,0.72,10.72,2
Cardoso,Todas,9º ano,Matemática,138,82.61,25.42,47.95,25.09,1.54,26.63,9.800000000000001
Casa Branca,Todas,9º ano,Matemática,243,76.13,25.16,52.95,19.85,2.04,21.89,12.85
Cássia Dos Coqueiros,Todas,9º ano,Matemática,53,81.13,27.89,46.6,25.51,0,25.51,2.93
Castilho,Todas,9º ano,Matemática,207,88.89,25.91,56.3,14.73,3.06,17.79,3.81
Catanduva,Todas,9º ano,Matemática,1009,87.02,19.44,56.11,20.92,3.53,24.44,1.43
Catiguá,Todas,9º ano,Matemática,92,91.3,39.22,48.82,11.96,0,11.96,5.53
Cedral,Todas,9º ano,Matemática,91,82.42,24.67,47.25,23.2,4.88,28.09,-3.93
Cerqueira César,Todas,9º ano,Matemática,271,88.56,24.15,54.91,17.63,3.31,20.94,0.32
Cerquilho,Todas,9º ano,Matemática,540,88.89,11.88,47.81,31.13,9.18,40.31,6.26
Cesário Lange,Todas,9º ano,Matemática,159,82.39,30.02,59.63,9.65,0.7,10.35,-7.88
Charqueada,Todas,9º ano,Matemática,213,82.16,28.08,59.96,10.76,1.2,11.96,-3.87
Chavantes,Todas,9º ano,Matemática,166,80.12,34.2,54.19,10.05,1.56,11.61,2.86
Clementina,Todas,9º ano,Matemática,98,90.81999999999999,30.35,55.27,14.38,0,14.38,3.91
Colina,Todas,9º ano,Matemática,177,85.88,41.82,55.66,2.52,0,2.52,-12.36
Colômbia,Todas,9º ano,Matemática,92,95.65000000000001,21.25,47.55,18.23,12.97,31.21,5.1
Conchal,Todas,9º ano,Matemática,278,86.33,17.69,53.75,18.22,10.34,28.56,2.23
Conchas,Todas,9º ano,Matemática,212,78.77,30.2,52.46,16.7,0.64,17.34,0.74
Cordeirópolis,Todas,9º ano,Matemática,321,83.18000000000001,23,62.1,13.86,1.04,14.9,-7.8
Coroados,Todas,9º ano,Matemática,69,92.75,27.94,53.24,15.71,3.11,18.83,5.32
Coronel Macedo,Todas,9º ano,Matemática,73,93.15000000000001,33.13,59.36,7.51,0,7.51,-11.89
Corumbataí,Todas,9º ano,Matemática,62,93.55,24.61,48.9,26.49,0,26.48,13.07
Cosmópolis,Todas,9º ano,Matemática,749,89.59,15.4,58.36,21.98,4.26,26.25,3.39
Cosmorama,Todas,9º ano,Matemática,33,69.7,17.39,56.52,26.09,0,26.09,3.26
Cotia,Todas,9º ano,Matemática,3562,79.03,29.23,57.84,11.83,1.1,12.93,3.1
Cravinhos,Todas,9º ano,Matemática,367,74.66,26.01,58.43,14.36,1.2,15.56,3.75
Cristais Paulista,Todas,9º ano,Matemática,147,91.16,25.02,57.12,15.67,2.19,17.86,4.47
Cruzália,Todas,9º ano,Matemática,29,82.76000000000001,25,75,0,0,0,-12.24
Cruzeiro,Todas,9º ano,Matemática,859,82.19,31.16,54.84,11.55,2.45,14,3.24
Cubatão,Todas,9º ano,Matemática,1674,80.11,27.23,54.48,15.74,2.55,18.29,3.89
Cunha,Todas,9º ano,Matemática,268,84.33,30.42,56.57,10.77,2.24,13.02,-5.54
Descalvado,Todas,9º ano,Matemática,313,81.15000000000001,27.94,60.81,10.56,0.6899999999999999,11.25,-1.46
Diadema,Todas,9º ano,Matemática,5913,81.84,30.3,56.72,12.18,0.8,12.98,1.48
Dirce Reis,Todas,9º ano,Matemática,27,100,22.22,37.04,37.04,3.7,40.74,27.11
Divinolândia,Todas,9º ano,Matemática,120,87.5,16.33,60.22,17.61,5.84,23.45,5.37
Dobrada,Todas,9º ano,Matemática,117,76.92,25.98,53.38,20.64,0,20.64,4.16
Dois Córregos,Todas,9º ano,Matemática,299,84.28,29.13,52.65,15.36,2.86,18.22,-2.64
Dolcinópolis,Todas,9º ano,Matemática,26,92.31,16.65,62.5,20.85,0,20.85,-8.56
Dourado,Todas,9º ano,Matemática,128,87.5,23.16,57.43,17.02,2.39,19.41,1.96
Dracena,Todas,9º ano,Matemática,261,88.12,28.74,55.73,14.22,1.31,15.53,-1.27
Duartina,Todas,9º ano,Matemática,159,84.91,39.27,42.74,14.85,3.14,17.99,-8.109999999999999
Dumont,Todas,9º ano,Matemática,144,90.97,11.16,37.96,20.8,30.08,50.87,23.08
Echaporã,Todas,9º ano,Matemática,71,100,27.93,54.37,17.7,0,17.7,8.49
Eldorado,Todas,9º ano,Matemática,177,91.53,23.63,65.01000000000001,10.71,0.65,11.36,0.76
Elias Fausto,Todas,9º ano,Matemática,Sem dados de participação*,Sem dados de participação*,21.45,57.66,20.12,0.77,20.89,-2.5
Elisiário,Todas,9º ano,Matemática,31,100,15.61,53.13,28.13,3.13,31.26,6.21
Embaúba,Todas,9º ano,Matemática,30,100,13.33,73.33,10,3.34,13.33,-12.71
Embu,Todas,9º ano,Matemática,4025,82.66,29.88,58,11.26,0.86,12.13,1.94
Embu-Guaçu,Todas,9º ano,Matemática,1204,80.48,28.14,56.44,13.83,1.59,15.42,3.75
Emilianópolis,Todas,9º ano,Matemática,32,96.88,25.84,51.45,22.71,0,22.72,9.83
Engenheiro Coelho,Todas,9º ano,Matemática,221,93.20999999999999,24.37,56.3,17.9,1.43,19.33,6.12
Espírito Santo Do Pinhal,Todas,9º ano,Matemática,434,86.41,27.51,55.69,16.3,0.5,16.8,-1.65
Espírito Santo Do Turvo,Todas,9º ano,Matemática,88,78.41,33.78,46.63,19.59,0,19.59,0.53
Estiva Gerbi,Todas,9º ano,Matemática,135,91.84999999999999,11.34,59.42,24.41,4.83,29.23,9.77
Estrela D'oeste,Todas,9º ano,Matemática,89,86.52,21.77,49.24,23.65,5.34,28.98,3.19
Estrela Do Norte,Todas,9º ano,Matemática,37,94.59,14.62,51.47,31.1,2.81,33.92,11.03
Euclides Da Cunha Paulista,Todas,9º ano,Matemática,117,92.31,34.58,48.21,11.87,5.34,17.21,8.1
Fartura,Todas,9º ano,Matemática,232,93.09999999999999,20.69,48.78,20.96,9.57,30.53,8.25
Fernando Prestes,Todas,9º ano,Matemática,38,100,26.32,50,21.05,2.63,23.68,-8.880000000000001
Fernandópolis,Todas,9º ano,Matemática,778,84.7,19.12,55.22,22.07,3.59,25.66,4.75
Fernão,Todas,9º ano,Matemática,28,78.56999999999999,4.54,72.73999999999999,18.18,4.54,22.71,7.72
Ferraz De Vasconcelos,Todas,9º ano,Matemática,2780,84.06,33.74,56.56,9.029999999999999,0.67,9.699999999999999,2.08
Flora Rica,Todas,9º ano,Matemática,23,91.3,23.78,47.48,24.04,4.7,28.74,23.46
Floreal,Todas,9º ano,Matemática,43,90.7,2.72,51.49,35.77,10.02,45.79,22.93
Flórida Paulista,Todas,9º ano,Matemática,139,91.37,42.64,41.5,14.38,1.48,15.86,2.21
Florínia,Todas,9º ano,Matemática,42,85.70999999999999,14.04,55.56,19.35,11.05,30.38,25.08
Franca,Todas,9º ano,Matemática,4644,83.91,25.19,55.56,17.03,2.22,19.25,0.71
Francisco Morato,Todas,9º ano,Matemática,2897,86.84999999999999,37.24,53.14,9.119999999999999,0.5,9.619999999999999,1.73
Franco Da Rocha,Todas,9º ano,Matemática,2234,84.78,38.71,53.16,7.52,0.61,8.130000000000001,2.34
Gabriel Monteiro,Todas,9º ano,Matemática,21,90.48,21.05,15.81,52.62,10.52,63.14,30.57
Gália,Todas,9º ano,Matemática,80,96.25,45,39.03,13.56,2.41,15.98,2.43
Garça,Todas,9º ano,Matemática,542,87.64,27.9,58.97,10.85,2.28,13.13,0.41
Gastão Vidigal,Todas,9º ano,Matemática,46,84.78,22.63,56.59,18.15,2.63,20.78,11.56
Gavião Peixoto,Todas,9º ano,Matemática,70,90,34.93,49.2,15.87,0,15.87,6.21
General Salgado,Todas,9º ano,Matemática,108,89.81,28.44,50.47,17.96,3.13,21.08,-6.29
Getulina,Todas,9º ano,Matemática,143,76.22,38.63,49.78,9.699999999999999,1.89,11.59,4.13
Glicério,Todas,9º ano,Matemática,46,80.43000000000001,34.59,60.35,5.06,0,5.07,-4.85
Guaiçara,Todas,9º ano,Matemática,169,85.20999999999999,31.38,56.03,11.27,1.32,12.6,5.32
Guaimbê,Todas,9º ano,Matemática,85,90.59,35.21,53.65,11.14,0,11.14,0.89
Guaíra,Todas,9º ano,Matemática,408,84.06999999999999,25.43,54.73,17.58,2.26,19.84,2.67
Guapiaçu,Todas,9º ano,Matemática,165,95.15000000000001,8.970000000000001,55.54,29.82,5.67,35.49,15.39
Guapiara,Todas,9º ano,Matemática,165,87.27,27,61.86,10.45,0.6899999999999999,11.14,1
Guará,Todas,9º ano,Matemática,314,78.98,27.9,52.61,16.67,2.82,19.49,0.37
Guaraçaí,Todas,9º ano,Matemática,100,89,40.1,46.56,12.28,1.06,13.34,0.66
Guaraci,Todas,9º ano,Matemática,73,100,27.77,63.44,8.789999999999999,0,8.789999999999999,-6.33
Guarani D'oeste,Todas,9º ano,Matemática,25,84,19.04,57.16,19.04,4.76,23.8,3.83
Guarantã,Todas,9º ano,Matemática,108,71.3,39.8,51.24,8.960000000000001,0,8.960000000000001,0.1
Guararapes,Todas,9º ano,Matemática,317,90.22,28.03,56.6,12.93,2.44,15.37,-1.49
Guararema,Todas,9º ano,Matemática,499,79.56,33.97,56.76,7.4,1.87,9.27,-4.92
Guaratinguetá,Todas,9º ano,Matemática,1296,79.40000000000001,28.19,52.74,16.18,2.89,19.07,2.37
Guareí,Todas,9º ano,Matemática,178,84.83,19.86,68.18000000000001,11.31,0.65,11.96,0.43
Guariba,Todas,9º ano,Matemática,388,86.08,24.59,60.72,13.25,1.44,14.7,0.96
Guarujá,Todas,9º ano,Matemática,4484,84.81,32.57,58.33,8.529999999999999,0.57,9.1,2.42
Guarulhos,Todas,9º ano,Matemática,17918,82.08,30.55,57.06,11.39,1,12.39,4.07
Guatapará,Todas,9º ano,Matemática,129,79.84,30.76,58.13,11.11,0,11.11,7.12
Guzolândia,Todas,9º ano,Matemática,53,94.34,25.95,53.93,20.12,0,20.11,7.47
Herculândia,Todas,9º ano,Matemática,126,82.54000000000001,36.52,46.09,16.43,0.96,17.4,0.33
Holambra,Todas,9º ano,Matemática,206,63.11,19.76,57.18,21.24,1.82,23.06,12.41
Hortolândia,Todas,9º ano,Matemática,2881,83.06,30.43,55.84,12.58,1.15,13.73,2.52
Iacanga,Todas,9º ano,Matemática,137,81.02,26.2,53.11,16.23,4.46,20.69,6.42
Iacri,Todas,9º ano,Matemática,79,70.89,28.64,59.13,12.23,0,12.23,-6.59
Iaras,Todas,9º ano,Matemática,100,76,29.43,57.07,12.46,1.04,13.5,-1.89
Ibaté,Todas,9º ano,Matemática,471,84.29000000000001,27.17,57.1,14.24,1.49,15.73,-2.28
Ibirá,Todas,9º ano,Matemática,111,91.89,10.3,42.14,35.62,11.94,47.56,17.51
Ibirarema,Todas,9º ano,Matemática,122,77.87,29.74,56.02,14.24,0,14.24,4.02
Ibitinga,Todas,9º ano,Matemática,619,83.84,21.47,53.98,18.97,5.58,24.55,-2.55
Ibiúna,Todas,9º ano,Matemática,856,86.92,27.27,57.32,12.68,2.73,15.41,-2.75
Icém,Todas,9º ano,Matemática,114,93.86,25.73,62.38,11.89,0,11.89,0.58
Iepê,Todas,9º ano,Matemática,111,84.68000000000001,25.31,58.79,15.9,0,15.9,3.18
Igaraçu Do Tietê,Todas,9º ano,Matemática,260,64.23,48.74,48.58,2.68,0,2.68,-5.57
Igarapava,Todas,9º ano,Matemática,200,70,39.19,50.34,9.800000000000001,0.67,10.47,0.58
Igaratá,Todas,9º ano,Matemática,107,76.64,21.26,61.19,17.55,0,17.55,0.37
Iguape,Todas,9º ano,Matemática,372,80.91,24.29,58.01,15.64,2.06,17.7,9.81
Ilha Comprida,Todas,9º ano,Matemática,170,82.34999999999999,18.55,61.01,19.68,0.76,20.45,5.81
Ilha Solteira,Todas,9º ano,Matemática,241,85.06,19.48,52.32,21.12,7.08,28.2,6.23
Ilhabela,Todas,9º ano,Matemática,476,86.55,23.11,59.15,15.48,2.26,17.74,0.12
Indaiatuba,Todas,9º ano,Matemática,2326,82.5,19.33,57.7,19.74,3.23,22.97,2.26
Indiana,Todas,9º ano,Matemática,60,93.33,28.75,54.23,17.02,0,17.02,3.79
Indiaporã,Todas,9º ano,Matemática,52,94.23,19.64,61.9,16.08,2.38,18.46,-13.27
Inúbia Paulista,Todas,9º ano,Matemática,61,83.61,31.23,55,7.85,5.92,13.79,1.69
Ipaussu,Todas,9º ano,Matemática,200,85,9.4,53.22,31.2,6.18,37.38,9.949999999999999
Iperó,Todas,9º ano,Matemática,421,78.86,35.49,56.81,7.09,0.61,7.7,-2.16
Ipeúna,Todas,9º ano,Matemática,108,88.89,24.82,53.32,20.79,1.07,21.86,12.25
Ipiguá,Todas,9º ano,Matemática,68,85.29000000000001,31.27,47.82,19.31,1.6,20.91,4.61
Iporanga,Todas,9º ano,Matemática,54,88.89,27.09,54.16,18.75,0,18.76,13.27
Ipuã,Todas,9º ano,Matemática,185,80,15.98,63.25,19.53,1.24,20.77,7.52
Iracemápolis,Todas,9º ano,Matemática,274,74.45,22.36,52.35,19.3,5.99,25.29,-3.16
Irapuã,Todas,9º ano,Matemática,80,83.75,23.83,59.51,15.24,1.42,16.66,1.5
Irapuru,Todas,9º ano,Matemática,52,96.15000000000001,22.02,61.89,16.09,0,16.1,-3.71
Itaberá,Todas,9º ano,Matemática,203,84.23999999999999,18.12,58.49,19.98,3.41,23.38,7.18
Itaí,Todas,9º ano,Matemática,340,75,27.66,58.41,11.04,2.89,13.92,5.53
Itajobi,Todas,9º ano,Matemática,135,86.67,10.39,49.67,33.56,6.38,39.93,7.09
Itaju,Todas,9º ano,Matemática,38,94.73999999999999,25.33,55.91,18.76,0,18.76,-3.25
Itanhaém,Todas,9º ano,Matemática,Sem dados de participação*,Sem dados de participação*,24.72,59.24,14.77,1.27,16.04,2.78
Itaóca,Todas,9º ano,Matemática,32,75,29.16,50,20.84,0,20.84,3.94
Itapecerica Da Serra,Todas,9º ano,Matemática,2807,82.47,28.05,58.42,12.67,0.86,13.53,3.95
Itapetininga,Todas,9º ano,Matemática,1779,84.77,21.26,56.66,19.18,2.9,22.09,4.5
Itapeva,Todas,9º ano,Matemática,1275,76.23999999999999,26.88,54.07,16.54,2.51,19.05,2.99
Itapevi,Todas,9º ano,Matemática,3810,82.44,36.34,53.41,9.369999999999999,0.88,10.24,3.12
Itapira,Todas,9º ano,Matemática,808,81.93000000000001,23.72,58.94,15.93,1.41,17.34,2.49
Itapirapuã Paulista,Todas,9º ano,Matemática,76,76.31999999999999,36.02,52.88,11.1,0,11.11,5.7
Itápolis,Todas,9º ano,Matemática,465,88.59999999999999,18.02,54.65,22.26,5.07,27.33,0.23
Itaporanga,Todas,9º ano,Matemática,176,93.18000000000001,35.24,48.77,11.69,4.3,15.99,1.89
Itapuí,Todas,9º ano,Matemática,139,80.58,35.85,49.88,11.95,2.32,14.27,6.75
Itapura,Todas,9º ano,Matemática,69,88.41,29.68,62.09,8.23,0,8.23,0.9
Itaquaquecetuba,Todas,9º ano,Matemática,6282,79.06999999999999,37.01,54.63,7.75,0.61,8.35,1.88
Itararé,Todas,9º ano,Matemática,Sem dados de participação*,Sem dados de participação*,32.21,56.26,10.44,1.09,11.53,-1.16
Itariri,Todas,9º ano,Matemática,172,82.56,42,49.49,7.96,0.55,8.51,-2.79
Itatiba,Todas,9º ano,Matemática,1226,89.48,13.3,56.1,23.92,6.68,30.6,8.98
Itatinga,Todas,9º ano,Matemática,250,85.59999999999999,15.14,58.42,22.38,4.06,26.44,11.51
Itirapina,Todas,9º ano,Matemática,201,88.56,28.23,54.07,13.9,3.8,17.7,2.89
Itirapuã,Todas,9º ano,Matemática,96,82.29000000000001,21.14,65.11,11.32,2.43,13.74,0.35
Itobi,Todas,9º ano,Matemática,89,67.42,33.18,53.51,11.51,1.8,13.31,10.21
Itu,Todas,9º ano,Matemática,2509,82.26000000000001,26.01,56.43,15.21,2.35,17.56,2.91
Itupeva,Todas,9º ano,Matemática,691,93.34,21.56,60.13,16.3,2.01,18.31,3.54
Ituverava,Todas,9º ano,Matemática,395,87.09,28.51,57.12,12.94,1.43,14.37,4.53
Jaborandi,Todas,9º ano,Matemática,64,90.63,24.16,55.23,18.91,1.7,20.61,5.05
Jaboticabal,Todas,9º ano,Matemática,769,87.52,28.03,55.43,14.28,2.26,16.54,4.97
Jacareí,Todas,9º ano,Matemática,2848,79.78,28.16,53.4,15.36,3.08,18.44,3.57
Jaci,Todas,9º ano,Matemática,95,96.84,24.01,67.36,6.34,2.29,8.630000000000001,-10.81
Jacupiranga,Todas,9º ano,Matemática,266,86.47,22.23,49.95,23.41,4.41,27.82,9.98
Jaguariúna,Todas,9º ano,Matemática,633,93.20999999999999,10.48,54.14,30.17,5.21,35.38,2.93
Jales,Todas,9º ano,Matemática,455,95.16,15.74,54.42,25.52,4.32,29.84,5.91
Jambeiro,Todas,9º ano,Matemática,88,77.27,17.45,71.28,11.27,0,11.27,-3.49
Jandira,Todas,9º ano,Matemática,1481,86.29000000000001,37.52,52.83,9.140000000000001,0.51,9.65,1.53
Jardinópolis,Todas,9º ano,Matemática,474,87.34,32.53,51.04,14.2,2.23,16.43,6.44
Jarinu,Todas,9º ano,Matemática,404,84.65000000000001,26.82,51.39,17.41,4.38,21.79,4.26
Jaú,Todas,9º ano,Matemática,1046,80.02,28.61,57.21,13.36,0.82,14.18,1.28
Jeriquara,Todas,9º ano,Matemática,58,91.38,26.5,65.90000000000001,7.6,0,7.6,-11.96
Joanópolis,Todas,9º ano,Matemática,148,88.51000000000001,18.5,51.16,25.12,5.22,30.34,3.7
João Ramalho,Todas,9º ano,Matemática,50,88,25.14,60.78,11.64,2.44,14.08,7.68
José Bonifácio,Todas,9º ano,Matemática,421,80.76000000000001,27.02,52.2,19.32,1.46,20.78,5.53
Júlio Mesquita,Todas,9º ano,Matemática,82,98.78,42.17,52.77,5.06,0,5.06,-9.74
Jumirim,Todas,9º ano,Matemática,40,92.5,8.630000000000001,73.8,13.1,4.47,17.58,-3.4
Jundiaí,Todas,9º ano,Matemática,3576,87.84,22.16,55.8,19.12,2.92,22.04,4.29
Junqueirópolis,Todas,9º ano,Matemática,191,87.43000000000001,13.16,47.51,31.52,7.81,39.33,13.38
Juquiá,Todas,9º ano,Matemática,330,86.36,32.92,49.47,16.59,1.02,17.61,7.56
Juquitiba,Todas,9º ano,Matemática,588,80.61,30.56,53.63,14.77,1.04,15.81,2.47
Lagoinha,Todas,9º ano,Matemática,97,89.69,20.27,57.58,18.86,3.29,22.15,5.18
Laranjal Paulista,Todas,9º ano,Matemática,272,87.87,33.65,55.58,9.66,1.11,10.77,-1.09
Lavínia,Todas,9º ano,Matemática,58,94.83,12.69,63.53,21.93,1.85,23.78,2.35
Lavrinhas,Todas,9º ano,Matemática,54,87.04000000000001,31.8,57.7,10.5,0,10.5,1.8
Leme,Todas,9º ano,Matemática,1190,86.89,23.36,57.73,16.45,2.46,18.92,1.86
Lençóis Paulista,Todas,9º ano,Matemática,Sem dados de participação*,Sem dados de participação*,15.12,58.24,23.81,2.83,26.64,9.6
Limeira,Todas,9º ano,Matemática,3287,82.56999999999999,25.63,53.95,18.07,2.35,20.42,2
Lindóia,Todas,9º ano,Matemática,77,58.44,14.78,47.02,36.08,2.12,38.19,6.23
Lins,Todas,9º ano,Matemática,Sem dados de participação*,Sem dados de participação*,33.65,56.64,8.84,0.87,9.699999999999999,0.06
Lorena,Todas,9º ano,Matemática,907,79.05,29.53,56.25,12.78,1.44,14.22,5.67
Lourdes,Todas,9º ano,Matemática,31,64.52,7.74,61.29,27.1,3.87,30.97,8.25
Louveira,Todas,9º ano,Matemática,531,83.62,17.03,54.89,22.39,5.69,28.09,9.949999999999999
Lucélia,Todas,9º ano,Matemática,227,83.7,20.82,56.04,20.8,2.34,23.14,0.58
Lucianópolis,Todas,9º ano,Matemática,48,95.83,42.89,41.15,14.04,1.92,15.96,7.38
Luís Antônio,Todas,9º ano,Matemática,182,83.52,20.36,60.49,16.23,2.92,19.15,7.24
Luiziânia,Todas,9º ano,Matemática,36,100,22.22,58.33,13.89,5.56,19.44,10.53
Lupércio,Todas,9º ano,Matemática,40,67.5,21,63.62,15.38,0,15.38,6.67
Lutécia,Todas,9º ano,Matemática,41,82.93000000000001,23.49,48.39,28.12,0,28.12,2.86
Macatuba,Todas,9º ano,Matemática,133,90.98,26,57.56,13.34,3.1,16.45,-1.73
Macaubal,Todas,9º ano,Matemática,60,90,13.65,58.9,24,3.45,27.47,8.24
Macedônia,Todas,9º ano,Matemática,50,84,14.86,56.38,24,4.76,28.76,-1.88
Magda,Todas,9º ano,Matemática,40,77.5,3.45,51.72,26.08,18.75,44.8,23.31
Mairinque,Todas,9º ano,Matemática,Sem dados de participação*,Sem dados de participação*,20.12,57.49,19.76,2.63,22.4,2.09
Mairiporã,Todas,9º ano,Matemática,1128,90.43000000000001,28.85,56.54,13.6,1.01,14.61,3.54
Manduri,Todas,9º ano,Matemática,130,85.38,31.35,49.61,16.28,2.76,19.04,1.9
Marabá Paulista,Todas,9º ano,Matemática,55,85.45,33.52,42.83,19.29,4.36,23.65,11.06
Maracaí,Todas,9º ano,Matemática,158,93.04000000000001,17.28,47.62,27.86,7.24,35.1,18.76
Marapoama,Todas,9º ano,Matemática,36,94.44,23.52,64.7,11.78,0,11.78,-7.73
Mariápolis,Todas,9º ano,Matemática,41,85.37,22.49,70.83,6.68,0,6.68,-1.2
Marília,Todas,9º ano,Matemática,2150,90.65000000000001,24.64,55.9,17.25,2.21,19.45,0.68
Marinópolis,Todas,9º ano,Matemática,34,91.18000000000001,3.24,64.53,25.79,6.44,32.26,13.59
Martinópolis,Todas,9º ano,Matemática,147,70.06999999999999,35.38,50.33,12.67,1.62,14.28,2.57
Matão,Todas,9º ano,Matemática,725,78.06999999999999,24.87,53.36,17.29,4.48,21.77,-1.26
Mauá,Todas,9º ano,Matemática,5879,83.06,27.81,57.75,13.18,1.26,14.45,3.23
Mendonça,Todas,9º ano,Matemática,76,85.53,1.42,55.15,37.09,6.34,43.43,14.52
Meridiano,Todas,9º ano,Matemática,50,86,25.5,49,25.5,0,25.5,11.67
Mesópolis,Todas,9º ano,Matemática,24,100,16.67,50,33.33,0,33.33,-8.789999999999999
Miguelópolis,Todas,9º ano,Matemática,211,80.09,32.11,60.79,7.1,0,7.09,-1.97
Mineiros Do Tietê,Todas,9º ano,Matemática,122,73.77,18.47,61.57,15.29,4.67,19.96,10.83
Mira Estrela,Todas,9º ano,Matemática,39,89.73999999999999,11.44,53.91,28.93,5.72,34.64,7.84
Miracatu,Todas,9º ano,Matemática,347,85.88,28.59,56.09,12.96,2.36,15.32,6.82
Mirandópolis,Todas,9º ano,Matemática,227,85.45999999999999,25.91,59.87,12.67,1.55,14.22,-2.28
Mirante Do Paranapanema,Todas,9º ano,Matemática,186,68.28,26.21,56.51,14.21,3.07,17.28,4.46
Mirassol,Todas,9º ano,Matemática,659,90.29000000000001,18.02,57.41,20.29,4.28,24.57,-2.12
Mirassolândia,Todas,9º ano,Matemática,68,83.81999999999999,35.07,45.59,19.34,0,19.34,0.53
Mococa,Todas,9º ano,Matemática,795,80.63,21.97,56.24,18.48,3.31,21.79,6.23
Mogi Das Cruzes,Todas,9º ano,Matemática,5744,81.86,32.02,53.66,12.58,1.74,14.32,2.65
Mogi Guaçu,Todas,9º ano,Matemática,1671,84.26000000000001,14.73,54.54,25.41,5.32,30.73,8.369999999999999
Moji Mirim,Todas,9º ano,Matemática,1061,82.28,25.51,57.24,16.06,1.19,17.25,0.35
Mombuca,Todas,9º ano,Matemática,63,90.48,14.05,61.4,19.3,5.25,24.56,11.37
Monções,Todas,9º ano,Matemática,24,95.83,26.09,56.54,13.04,4.33,17.38,-1.16
Mongaguá,Todas,9º ano,Matemática,858,80.65000000000001,27.85,58.07,12.78,1.3,14.08,2.62
Monte Alegre Do Sul,Todas,9º ano,Matemática,85,87.06,1.32,49.96,36.45,12.27,48.72,2.63
Monte Alto,Todas,9º ano,Matemática,449,92.87,25.09,52.58,18.5,3.83,22.33,6.05
Monte Aprazível,Todas,9º ano,Matemática,253,88.54000000000001,26.1,57.15,15.12,1.63,16.75,5.09
Monte Azul Paulista,Todas,9º ano,Matemática,213,80.75,15.37,58.98,22.12,3.53,25.65,4.93
Monte Castelo,Todas,9º ano,Matemática,44,97.73,23.04,58.46,18.5,0,18.5,-7.81
Monte Mor,Todas,9º ano,Matemática,935,83.73999999999999,20.78,54.07,20.57,4.58,25.15,1.68
Monteiro Lobato,Todas,9º ano,Matemática,50,78,14.92,72.44,12.64,0,12.64,0.51
Morro Agudo,Todas,9º ano,Matemática,345,87.83,23.75,63.59,11.71,0.95,12.66,-1.53
Morungaba,Todas,9º ano,Matemática,176,80.68000000000001,30.7,55.3,12.9,1.1,14,-5.63
Motuca,Todas,9º ano,Matemática,57,77.19,12.17,67.59,20.24,0,20.25,-3.95
Murutinga Do Sul,Todas,9º ano,Matemática,52,88.45999999999999,26.1,58.69,15.21,0,15.21,-8.68
Nantes,Todas,9º ano,Matemática,36,80.56,24.42,58.42,17.16,0,17.17,7.11
Narandiba,Todas,9º ano,Matemática,89,94.38,15.41,71.59999999999999,11.83,1.16,12.99,1.71
Natividade Da Serra,Todas,9º ano,Matemática,69,78.26000000000001,23.4,60.96,15.64,0,15.64,8.83
Nazaré Paulista,Todas,9º ano,Matemática,155,91.61,33.95,54.53,10.23,1.29,11.52,-0.22
Neves Paulista,Todas,9º ano,Matemática,99,90.91,22.06,57.38,17.26,3.3,20.58,6.27
Nhandeara,Todas,9º ano,Matemática,86,90.7,21.89,56.14,19.52,2.45,21.98,-1.46
Nipoã,Todas,9º ano,Matemática,74,93.23999999999999,24.4,56.73,17.34,1.53,18.86,0.55
Nova Aliança,Todas,9º ano,Matemática,75,84,14.81,52.53,24.97,7.69,32.67,3.27
Nova Campina,Todas,9º ano,Matemática,133,66.17,37.39,53.62,7.88,1.11,8.99,-2.29
Nova Canaã Paulista,Todas,9º ano,Matemática,28,85.70999999999999,33.32,50,12.5,4.18,16.68,-4.52
Nova Europa,Todas,9º ano,Matemática,133,87.97,34.81,57.11,6.53,1.55,8.08,-1.52
Nova Granada,Todas,9º ano,Matemática,222,70.72,34.43,60.2,5.37,0,5.37,-5.02
Nova Guataporanga,Todas,9º ano,Matemática,24,87.5,9.539999999999999,57.13,23.79,9.539999999999999,33.33,19.1
Nova Independência,Todas,9º ano,Matemática,61,86.89,16.53,66.44,15.03,2,17.03,-2.13
Nova Luzitânia,Todas,9º ano,Matemática,40,72.5,20.93,41.82,31,6.25,37.25,18.96
Nova Odessa,Todas,9º ano,Matemática,635,89.13,19.55,60.03,17.88,2.54,20.41,0.46
Novais,Todas,9º ano,Matemática,42,83.33,23.52,62.48,10.57,3.43,14,3.38
Novo Horizonte,Todas,9º ano,Matemática,446,91.93000000000001,5.43,47.51,29.63,17.43,47.06,2.63
Nuporanga,Todas,9º ano,Matemática,80,90,14.06,50.06,26.07,9.81,35.89,-1.53
Ocauçu,Todas,9º ano,Matemática,80,83.75,35.33,47.5,10.96,6.21,17.18,-2.94
Óleo,Todas,9º ano,Matemática,49,79.59,25.69,56.35,15.39,2.57,17.96,5.18
Olímpia,Todas,9º ano,Matemática,520,77.31,22.4,50.94,21.96,4.7,26.66,9.460000000000001
Onda Verde,Todas,9º ano,Matemática,63,85.70999999999999,18.56,57.03,20.51,3.9,24.41,6.26
Oriente,Todas,9º ano,Matemática,74,81.08,34.9,56.68,5.01,3.41,8.41,-4.82
Orindiúva,Todas,9º ano,Matemática,98,91.84,14.81,48.97,24.27,11.95,36.22,12.37
Orlândia,Todas,9º ano,Matemática,404,87.62,24.55,55.13,15.96,4.36,20.32,-3.85
Osasco,Todas,9º ano,Matemática,Sem dados de participação*,Sem dados de participação*,36.08,54.17,9.09,0.66,9.75,1.45
Oscar Bressane,Todas,9º ano,Matemática,20,95,26.3,52.65,21.05,0,21.05,-11.53
Osvaldo Cruz,Todas,9º ano,Matemática,294,84.34999999999999,27.83,51.99,18.25,1.93,20.18,-5.6
Ourinhos,Todas,9º ano,Matemática,1233,78.18000000000001,20.67,56.63,19.13,3.57,22.7,1.86
Ouro Verde,Todas,9º ano,Matemática,111,93.69,8.56,56.99,30.67,3.78,34.46,0.01
Ouroeste,Todas,9º ano,Matemática,136,86.03,23.69,53.64,21.09,1.58,22.67,2.97
Pacaembu,Todas,9º ano,Matemática,126,89.68000000000001,29.23,50.19,18.77,1.81,20.58,8.76
Palestina,Todas,9º ano,Matemática,159,78.62,33.7,50.56,13.54,2.2,15.74,-0.68
Palmares Paulista,Todas,9º ano,Matemática,125,92.8,16.17,59.8,22.37,1.66,24.03,1.68
Palmeira D'oeste,Todas,9º ano,Matemática,93,96.77,14.17,55.03,21.89,8.91,30.81,6.76
Palmital,Todas,9º ano,Matemática,247,73.28,22.45,67.33,9.18,1.04,10.21,-2.9
Panorama,Todas,9º ano,Matemática,171,88.3,25.44,58.43,14.3,1.83,16.12,5.15
Paraguaçu Paulista,Todas,9º ano,Matemática,494,76.92,27.44,53.18,17.21,2.17,19.38,6.02
Paraibuna,Todas,9º ano,Matemática,226,85.40000000000001,19.74,57.4,19.5,3.36,22.86,7.08
Paraíso,Todas,9º ano,Matemática,41,90.23999999999999,24.78,48.41,26.81,0,26.8,1.09
Paranapanema,Todas,9º ano,Matemática,173,76.3,28.51,52.07,17.78,1.64,19.42,5.62
Paranapuã,Todas,9º ano,Matemática,60,80,10.42,45.83,31.25,12.5,43.75,24.47
Parapuã,Todas,9º ano,Matemática,124,93.55,32.01,49.27,13.19,5.53,18.72,1.48
Pardinho,Todas,9º ano,Matemática,112,90.18000000000001,36.24,53.6,7.35,2.81,10.16,-1.09
Pariquera-Açu,Todas,9º ano,Matemática,166,89.76000000000001,28.76,52.3,18.26,0.68,18.94,1.37
Parisi,Todas,9º ano,Matemática,32,84.38,18.53,55.54,22.21,3.72,25.94,11.65
Patrocínio Paulista,Todas,9º ano,Matemática,240,85,25.23,57.32,15.95,1.5,17.45,0.62
Paulicéia,Todas,9º ano,Matemática,128,78.91,29.31,50.52,18.13,2.04,20.17,13.37
Paulínia,Todas,9º ano,Matemática,1172,81.31,20.51,59.14,17.52,2.83,20.35,4.64
Paulistânia,Todas,9º ano,Matemática,26,100,23.08,61.54,11.54,3.84,15.38,-15.06
Paulo De Faria,Todas,9º ano,Matemática,90,82.22,37.67,50.73,11.6,0,11.6,2.68
Pederneiras,Todas,9º ano,Matemática,469,88.91,26.92,56.64,15.36,1.08,16.43,4.65
Pedra Bela,Todas,9º ano,Matemática,73,58.9,14.19,50.35,30.43,5.03,35.47,18.22
Pedranópolis,Todas,9º ano,Matemática,39,92.31,22.69,60.96,10.97,5.38,16.36,-7.78
Pedregulho,Todas,9º ano,Matemática,229,79.48,33.2,49.92,13.43,3.45,16.88,5.64
Pedreira,Todas,9º ano,Matemática,549,86.34,21.96,58.72,16.43,2.89,19.32,3.5
Pedrinhas Paulista,Todas,9º ano,Matemática,37,100,25.35,54.03,18.05,2.57,20.65,-0.72
Pedro De Toledo,Todas,9º ano,Matemática,173,88.44,37.57,54.38,7.41,0.64,8.050000000000001,3.13
Penápolis,Todas,9º ano,Matemática,546,87.55,27.79,59.47,12.37,0.37,12.73,1.03
Pereira Barreto,Todas,9º ano,Matemática,272,94.84999999999999,16.78,56.93,22.96,3.33,26.29,10.59
Pereiras,Todas,9º ano,Matemática,87,86.20999999999999,28.24,60.1,11.66,0,11.67,-3.13
Peruíbe,Todas,9º ano,Matemática,1028,81.31999999999999,31.26,54.17,13.95,0.62,14.57,2.9
Piacatu,Todas,9º ano,Matemática,87,86.20999999999999,14.7,53.72,20.74,10.84,31.59,10.54
Piedade,Todas,9º ano,Matemática,370,86.48999999999999,29.1,55.19,13.62,2.09,15.72,-1.65
Pilar Do Sul,Todas,9º ano,Matemática,429,80.42,18.76,56.48,19.97,4.79,24.76,5.12
Pindamonhangaba,Todas,9º ano,Matemática,2137,88.72,25.46,54.68,16.88,2.98,19.86,3.74
Pindorama,Todas,9º ano,Matemática,158,88.61,11.94,50.49,30.93,6.64,37.58,12.81
Pinhalzinho,Todas,9º ano,Matemática,196,79.59,37.51,51.34,8.539999999999999,2.61,11.15,-5.73
Piquerobi,Todas,9º ano,Matemática,29,100,17.24,41.38,27.59,13.79,41.38,22.73
Piquete,Todas,9º ano,Matemática,145,81.38,30.8,52.92,15.47,0.8100000000000001,16.28,0.57
Piracaia,Todas,9º ano,Matemática,274,87.23,18.37,52.18,25.23,4.22,29.44,7
Piracicaba,Todas,9º ano,Matemática,3690,82.06,25.36,53.96,17.58,3.1,20.68,7.2
Piraju,Todas,9º ano,Matemática,409,83.86,20.95,56.13,19.73,3.19,22.91,-1.84
Pirajuí,Todas,9º ano,Matemática,Sem dados de participação*,Sem dados de participação*,26.26,51.21,16.78,5.75,22.53,10.91
Pirangi,Todas,9º ano,Matemática,89,87.64,22.9,40.31,30.81,5.98,36.79,31.47
Pirapora Do Bom Jesus,Todas,9º ano,Matemática,283,81.63,35.09,56.61,8.300000000000001,0,8.300000000000001,3.44
Pirapozinho,Todas,9º ano,Matemática,383,84.06999999999999,25.1,55.5,16.8,2.6,19.4,2.46
Pirassununga,Todas,9º ano,Matemática,590,81.36,19.81,57.65,18.45,4.09,22.54,-0.04
Piratininga,Todas,9º ano,Matemática,139,69.78,43.96,51.39,4.65,0,4.65,-1.19
Pitangueiras,Todas,9º ano,Matemática,481,80.04000000000001,31.14,55.85,11.67,1.34,13,-1.92
Planalto,Todas,9º ano,Matemática,86,90.7,41.94,41.59,13.97,2.5,16.48,2.33
Platina,Todas,9º ano,Matemática,51,84.31,30.21,54.44,13.21,2.14,15.33,5.84
Poá,Todas,9º ano,Matemática,2087,83.90000000000001,27.92,53.83,15.43,2.82,18.25,6.89
Poloni,Todas,9º ano,Matemática,71,88.73,13.65,58.65,26.2,1.5,27.7,4.59
Pompéia,Todas,9º ano,Matemática,249,86.34999999999999,32.8,54.97,10.42,1.81,12.23,-8.970000000000001
Pongaí,Todas,9º ano,Matemática,46,80.43000000000001,26.36,60.2,7.96,5.48,13.43,-6.63
Pontal,Todas,9º ano,Matemática,659,85.13,32.35,53.91,12.85,0.89,13.73,4.28
Pontalinda,Todas,9º ano,Matemática,40,92.5,19,59.12,19,2.88,21.88,12.56
Pontes Gestal,Todas,9º ano,Matemática,37,91.89,26.51,64.66,8.83,0,8.84,2.15
Populina,Todas,9º ano,Matemática,56,89.29000000000001,12,46,28,14,42,11.3
Porangaba,Todas,9º ano,Matemática,122,91.8,27.09,48.77,21.6,2.54,24.14,4.04
Porto Feliz,Todas,9º ano,Matemática,635,82.05,27.55,53.26,17,2.19,19.19,-0.47
Porto Ferreira,Todas,9º ano,Matemática,398,76.38,30.66,56.88,11.26,1.2,12.46,-0.3
Potim,Todas,9º ano,Matemática,258,83.72,23.99,64.62,10.37,1.02,11.39,1.63
Potirendaba,Todas,9º ano,Matemática,171,87.13,9.42,53.48,32.51,4.59,37.1,2.84
Pracinha,Todas,9º ano,Matemática,26,92.31,29.15,50,20.85,0,20.85,8.85
Pradópolis,Todas,9º ano,Matemática,187,91.98,30.97,60.51,8.52,0,8.52,-8.68
Praia Grande,Todas,9º ano,Matemática,3828,80.41,22.78,60.12,15.45,1.65,17.1,2.42
Pratânia,Todas,9º ano,Matemática,119,85.70999999999999,30.59,49.15,19.26,1,20.26,4.7
Presidente Alves,Todas,9º ano,Matemática,41,82.93000000000001,32.05,58.97,8.98,0,8.98,4.71
Presidente Bernardes,Todas,9º ano,Matemática,78,87.18000000000001,28.83,53.07,16.55,1.55,18.1,5.34
Presidente Epitácio,Todas,9º ano,Matemática,486,77.98,27.08,55.7,15.61,1.61,17.22,8.51
Presidente Prudente,Todas,9º ano,Matemática,Sem dados de participação*,Sem dados de participação*,28.81,56.68,12.58,1.93,14.52,0.9
Presidente Venceslau,Todas,9º ano,Matemática,391,86.19,25.07,48.95,23.84,2.14,25.98,2.39
Promissão,Todas,9º ano,Matemática,453,76.59999999999999,32.63,53.28,12.59,1.5,14.09,3.23
Quadra,Todas,9º ano,Matemática,69,92.75,25.17,60.96,10.88,2.99,13.87,-11.15
Quatá,Todas,9º ano,Matemática,154,84.42,28.22,58.64,12.49,0.65,13.14,6.27
Queiroz,Todas,9º ano,Matemática,50,98,34.87,52.87,12.26,0,12.26,8.380000000000001
Queluz,Todas,9º ano,Matemática,134,74.63,28.94,62.21,7.95,0.9,8.85,-2.35
Quintana,Todas,9º ano,Matemática,85,90.59,31.67,54.3,12.75,1.28,14.05,7.04
Rafard,Todas,9º ano,Matemática,123,91.87,20.33,52.13,22.21,5.33,27.53,9.4
Rancharia,Todas,9º ano,Matemática,341,90.31999999999999,23.77,58.07,16.53,1.63,18.16,0.2
Redenção Da Serra,Todas,9º ano,Matemática,79,93.67,24.64,50.29,23.77,1.3,25.06,12.13
Regente Feijó,Todas,9º ano,Matemática,248,87.5,21.96,56.2,18.65,3.19,21.84,2.94
Reginópolis,Todas,9º ano,Matemática,69,63.77,36.67,45.98,15.35,2,17.35,12.64
Registro,Todas,9º ano,Matemática,647,86.55,28.71,56.45,13.63,1.21,14.84,-1.36
Restinga,Todas,9º ano,Matemática,127,88.98,30.95,55.74,13.31,0,13.31,5.85
Ribeira,Todas,9º ano,Matemática,49,81.63,37.51,55.02,5,2.47,7.47,1.81
Ribeirão Bonito,Todas,9º ano,Matemática,160,86.88,38.36,52.08,9.56,0,9.56,6.3
Ribeirão Branco,Todas,9º ano,Matemática,309,88.03,29.45,55.21,11.86,3.48,15.34,3.19
Ribeirão Corrente,Todas,9º ano,Matemática,76,96.05,21.71,61.79,12.2,4.3,16.51,-0.28
Ribeirão Do Sul,Todas,9º ano,Matemática,54,75.93000000000001,24.24,65.65000000000001,10.11,0,10.11,-24.36
Ribeirão Grande,Todas,9º ano,Matemática,102,59.8,17.69,67.65000000000001,9.98,4.68,14.66,1.85
Ribeirão Pires,Todas,9º ano,Matemática,1463,86.53,22.75,56.18,19.09,1.98,21.07,4.24
Ribeirão Preto,Todas,9º ano,Matemática,5771,83.11,26.04,55.13,16.46,2.37,18.83,5.6
Rifaina,Todas,9º ano,Matemática,69,86.95999999999999,29.99,56.62,8.35,5.04,13.39,-1.33
Rincão,Todas,9º ano,Matemática,136,88.97,40.71,51.96,7.33,0,7.32,1.26
Rinópolis,Todas,9º ano,Matemática,86,87.20999999999999,26.43,57.06,12.94,3.57,16.51,-1.63
Rio Claro,Todas,9º ano,Matemática,550,83.09,39.65,49.61,8.84,1.9,10.74,-8.02
Rio Das Pedras,Todas,9º ano,Matemática,410,86.09999999999999,27.91,54.62,15.56,1.91,17.47,-3.78
Rio Grande Da Serra,Todas,9º ano,Matemática,625,85.44,29.14,54.79,14.02,2.05,16.06,6.02
Riolândia,Todas,9º ano,Matemática,127,81.09999999999999,40.49,52.73,6.78,0,6.78,4.81
Riversul,Todas,9º ano,Matemática,61,85.25,18.6,53.75,27.65,0,27.66,5.02
Rosana,Todas,9º ano,Matemática,231,77.06,26.53,58.08,14.77,0.62,15.39,3.87
Roseira,Todas,9º ano,Matemática,130,87.69,18.29,56.87,23.06,1.78,24.84,9.210000000000001
Rubiácea,Todas,9º ano,Matemática,35,85.70999999999999,19.43,43.43,33.71,3.43,37.14,22.63
Rubinéia,Todas,9º ano,Matemática,50,90,11.06,57.84,26.66,4.44,31.1,-2.53
Sabino,Todas,9º ano,Matemática,83,69.88,25.92,54.2,18.12,1.76,19.88,9.779999999999999
Sagres,Todas,9º ano,Matemática,35,85.70999999999999,18.65,56.84,24.51,0,24.51,21.67
Sales,Todas,9º ano,Matemática,95,84.20999999999999,19.22,57.29,23.49,0,23.49,1.78
Sales Oliveira,Todas,9º ano,Matemática,115,89.56999999999999,27.06,58.22,12.73,1.99,14.71,0.65
Salesópolis,Todas,9º ano,Matemática,262,87.02,20.21,53.86,20.08,5.85,25.93,4.8
Salmourão,Todas,9º ano,Matemática,74,78.38,41.03,47.98,10.99,0,10.99,5.08
Saltinho,Todas,9º ano,Matemática,115,90.43000000000001,19.25,54.87,20.53,5.35,25.88,-4.35
Salto,Todas,9º ano,Matemática,1422,82.34999999999999,28.72,53.63,15.72,1.93,17.65,-1.03
Salto De Pirapora,Todas,9º ano,Matemática,614,83.39,25.96,54.56,16.96,2.52,19.48,2.04
Salto Grande,Todas,9º ano,Matemática,147,88.44,27.48,53.96,15.47,3.09,18.56,-4.29
Sandovalina,Todas,9º ano,Matemática,82,82.93000000000001,13.4,66.18000000000001,20.42,0,20.41,7.04
Santa Adélia,Todas,9º ano,Matemática,137,97.08,16.61,61.78,20.15,1.46,21.6,4.09
Santa Albertina,Todas,9º ano,Matemática,54,88.89,24.46,53.99,15.4,6.15,21.54,9.34
Santa Bárbara D'oeste,Todas,9º ano,Matemática,1918,84.93000000000001,19.34,56.22,21.08,3.36,24.44,5.03
Santa Branca,Todas,9º ano,Matemática,157,76.43000000000001,29.36,49.74,17.49,3.41,20.9,3.59
Santa Clara D'oeste,Todas,9º ano,Matemática,27,85.19,26.07,56.52,17.41,0,17.41,-0.76
Santa Cruz Da Conceição,Todas,9º ano,Matemática,73,79.45,19.9,60.81,16.15,3.14,19.29,-2.13
Santa Cruz Da Esperança,Todas,9º ano,Matemática,41,87.8,39.17,38.61,19.37,2.85,22.22,-54.44
Santa Cruz Das Palmeiras,Todas,9º ano,Matemática,292,83.90000000000001,35.57,53.58,9.720000000000001,1.13,10.85,-2.05
Santa Cruz Do Rio Pardo,Todas,9º ano,Matemática,534,81.45999999999999,16.28,59.49,20.62,3.61,24.23,1.55
Santa Ernestina,Todas,9º ano,Matemática,84,90.48,27.93,63.17,8.9,0,8.9,0.19
Santa Fé Do Sul,Todas,9º ano,Matemática,279,91.40000000000001,14.24,57.94,23.52,4.3,27.82,7.55
Santa Gertrudes,Todas,9º ano,Matemática,348,89.94,13.93,62.68,16.82,6.57,23.38,-9.5
Santa Isabel,Todas,9º ano,Matemática,864,79.98,20.97,58.84,17,3.19,20.18,3.94
Santa Lúcia,Todas,9º ano,Matemática,116,67.23999999999999,39.72,54.8,5.48,0,5.48,1.34
Santa Maria Da Serra,Todas,9º ano,Matemática,80,77.5,39.53,54.42,6.05,0,6.05,-3.76
Santa Mercedes,Todas,9º ano,Matemática,49,87.76000000000001,32.69,57.96,9.35,0,9.35,-1.52
Santa Rita D'oeste,Todas,9º ano,Matemática,Sem dados*,Sem dados*,Sem dados*,Sem dados*,Sem dados*,Sem dados*,Sem dados*,Sem dados*
Santa Rita Do Passa Quatro  ,Todas,9º ano,Matemática,232,79.31,23.96,60.53,13.6,1.91,15.52,-3.82
Santa Rosa De Viterbo,Todas,9º ano,Matemática,315,87.94,25.58,56.82,17.6,0,17.6,0.9
Santa Salete,Todas,9º ano,Matemática,Sem dados*,Sem dados*,Sem dados*,Sem dados*,Sem dados*,Sem dados*,Sem dados*,Sem dados*
Santana De Parnaíba,Todas,9º ano,Matemática,1984,86.44,26.74,59.11,12.7,1.45,14.15,2.97
Santo Anastácio,Todas,9º ano,Matemática,163,88.34,31.81,49.37,17.43,1.39,18.83,10.09
Santo André,Todas,9º ano,Matemática,Sem dados de participação*,Sem dados de participação*,32.8,54.19,11.74,1.27,13.01,1.1
Santo Antônio Da Alegria,Todas,9º ano,Matemática,97,98.97,13.45,62.39,23.1,1.06,24.16,9.390000000000001
Santo Antônio De Posse,Todas,9º ano,Matemática,225,80,34.84,55.4,9.34,0.42,9.76,-7.47
Santo Antônio Do Aracanguá  ,Todas,9º ano,Matemática,121,90.08,20.51,57.7,19.16,2.63,21.78,1.06
Santo Antônio Do Jardim,Todas,9º ano,Matemática,73,87.67,15.63,62.4,17.3,4.67,21.96,3.59
Santo Antônio Do Pinhal,Todas,9º ano,Matemática,126,80.16,23.48,66.73,9.789999999999999,0,9.789999999999999,-1.73
Santo Expedito,Todas,9º ano,Matemática,45,82.22,32.19,62.41,5.4,0,5.4,1.01
Santópolis Do Aguapeí,Todas,9º ano,Matemática,56,92.86,21.12,44.25,26.93,7.7,34.63,14.54
Santos,Todas,9º ano,Matemática,Sem dados de participação*,Sem dados de participação*,21.06,58.54,18.7,1.7,20.4,7.66
São Bento Do Sapucaí,Todas,9º ano,Matemática,129,96.12,13.42,52.28,27.98,6.32,34.3,8.68
São Bernardo Do Campo,Todas,9º ano,Matemática,10596,82.63,28.69,55,14.19,2.12,16.31,1.66
São Caetano Do Sul,Todas,9º ano,Matemática,1716,90.44,10.9,48.17,32.46,8.470000000000001,40.93,6.67
São Carlos,Todas,9º ano,Matemática,Sem dados de participação*,Sem dados de participação*,23.69,54.31,18.65,3.35,22,0.51
São Francisco,Todas,9º ano,Matemática,43,100,11.35,33.79,43.37,11.49,54.86,17.62
São João Da Boa Vista,Todas,9º ano,Matemática,876,78.31,23.37,53.79,19.63,3.21,22.84,5.33
São João Das Duas Pontes,Todas,9º ano,Matemática,41,85.37,13.85,48.18,32.24,5.73,37.95,10.74
São João De Iracema,Todas,9º ano,Matemática,32,90.63,24.13,51.74,20.69,3.44,24.13,4.9
São Joaquim Da Barra,Todas,9º ano,Matemática,566,88.87,28.2,55.64,14.8,1.36,16.17,3.2
São José Da Bela Vista,Todas,9º ano,Matemática,129,72.09,35.02,55.38,8.529999999999999,1.07,9.6,3.82
São José Do Barreiro,Todas,9º ano,Matemática,51,82.34999999999999,28.1,55,16.9,0,16.9,5.53
São José Do Rio Pardo,Todas,9º ano,Matemática,570,86.67,22.11,55.21,18.19,4.49,22.68,1.03
São José Do Rio Preto,Todas,9º ano,Matemática,3880,85.62,24.27,54.1,19.18,2.45,21.63,3.8
São José Dos Campos,Todas,9º ano,Matemática,Sem dados de participação*,Sem dados de participação*,21.75,53.5,19.35,5.4,24.75,2.89
São Lourenço Da Serra,Todas,9º ano,Matemática,270,90.37,30.4,56.41,11.58,1.61,13.19,1.04
São Luís Do Paraitinga,Todas,9º ano,Matemática,83,86.75,16.77,61.61,18.01,3.61,21.63,3.75
São Manuel,Todas,9º ano,Matemática,469,81.45,32.02,56.94,9.210000000000001,1.83,11.04,-0.77
São Miguel Arcanjo,Todas,9º ano,Matemática,289,84.78,13.38,57.51,24.26,4.85,29.1,8.43
São Paulo,Todas,9º ano,Matemática,Sem dados de participação*,Sem dados de participação*,33.65,55.28,10.09,0.98,11.07,2.06
São Pedro,Todas,9º ano,Matemática,414,81.40000000000001,18.38,58.7,20.17,2.75,22.92,4.77
São Pedro Do Turvo,Todas,9º ano,Matemática,118,85.59,30.22,50.77,18.03,0.98,19.01,4.98
São Roque,Todas,9º ano,Matemática,823,82.75,23.61,60.34,13.94,2.11,16.05,2.13
São Sebastião,Todas,9º ano,Matemática,Sem dados de participação*,Sem dados de participação*,33.5,54.72,9.640000000000001,2.14,11.78,0.22
São Sebastião Da Grama,Todas,9º ano,Matemática,130,80,17.01,64.53,14.41,4.05,18.45,9.19
São Simão,Todas,9º ano,Matemática,174,75.29000000000001,38.96,50.5,9.08,1.46,10.55,-0.98
São Vicente,Todas,9º ano,Matemática,Sem dados de participação*,Sem dados de participação*,27.99,58.46,12.76,0.79,13.55,5.32
Sarapuí,Todas,9º ano,Matemática,206,89.81,27.29,53.26,17.31,2.14,19.45,4.67
Sarutaiá,Todas,9º ano,Matemática,60,80,49.73,39.02,11.25,0,11.25,0.4
Sebastianópolis Do Sul,Todas,9º ano,Matemática,27,88.89,0,50,33.33,16.67,50,23.42
Serra Azul,Todas,9º ano,Matemática,148,62.84,37.74,55.45,6.81,0,6.81,0.87
Serra Negra,Todas,9º ano,Matemática,267,89.14,20.13,65.34,13.28,1.25,14.52,-8.710000000000001
Serrana,Todas,9º ano,Matemática,542,82.09999999999999,31.38,58.94,9.460000000000001,0.22,9.68,1.05
Sertãozinho,Todas,9º ano,Matemática,1409,89.34999999999999,12.49,55.12,26.62,5.77,32.39,5.18
Sete Barras,Todas,9º ano,Matemática,205,88.29000000000001,24.16,60.39,14.36,1.09,15.45,-3.62
Severínia,Todas,9º ano,Matemática,185,85.41,32.76,50.89,12.8,3.55,16.35,-0.51
Silveiras,Todas,9º ano,Matemática,73,69.86,29.07,51.51,17.78,1.64,19.42,10.66
Socorro,Todas,9º ano,Matemática,254,87.01000000000001,15.96,56.47,23.78,3.79,27.56,1.95
Sorocaba,Todas,9º ano,Matemática,9986,83.34,25.08,56.33,16.76,1.83,18.6,2.16
Sud Mennucci,Todas,9º ano,Matemática,106,92.45,20.74,47.98,27.6,3.68,31.28,12.05
Sumaré,Todas,9º ano,Matemática,3691,80.90000000000001,24.35,56.73,16.38,2.54,18.92,3.79
Suzanápolis,Todas,9º ano,Matemática,36,88.89,9.390000000000001,56.23,31.24,3.14,34.39,20.84
Suzano,Todas,9º ano,Matemática,4080,80.83,29.28,55.17,13.48,2.07,15.55,5.47
Tabapuã,Todas,9º ano,Matemática,140,92.14,21.12,48.93,23.54,6.41,29.95,4.35
Tabatinga,Todas,9º ano,Matemática,213,87.79000000000001,23.32,58.89,14.76,3.03,17.79,4.78
Taboão Da Serra,Todas,9º ano,Matemática,3747,83.34999999999999,25.27,57.92,15.08,1.73,16.81,3.7
Taciba,Todas,9º ano,Matemática,105,91.43000000000001,22.18,56.12,19.67,2.03,21.7,3.78
Taguaí,Todas,9º ano,Matemática,143,99.3,16.73,53.1,26.69,3.48,30.17,1.04
Taiaçu,Todas,9º ano,Matemática,74,90.54000000000001,30.26,59.38,10.36,0,10.36,0.02
Taiúva,Todas,9º ano,Matemática,72,97.22,10.22,59.2,24.71,5.87,30.57,0.4
Tambaú,Todas,9º ano,Matemática,252,86.90000000000001,31.12,55.6,10.58,2.7,13.27,-4.61
Tanabi,Todas,9º ano,Matemática,154,89.61,15.21,50.78,25.43,8.58,34.02,8.09
Tapiraí,Todas,9º ano,Matemática,159,76.73,29.04,58.91,10.57,1.48,12.04,-0.71
Tapiratiba,Todas,9º ano,Matemática,135,91.11,29.34,48.32,17.73,4.61,22.34,6.16
Taquaral,Todas,9º ano,Matemática,41,97.56,31.64,43.68,20.24,4.44,24.68,13.57
Taquaritinga,Todas,9º ano,Matemática,580,75.17,27.14,54.51,15.79,2.56,18.35,4.6
Taquarituba,Todas,9º ano,Matemática,326,90.8,19.93,60.6,16.67,2.8,19.47,2.96
Taquarivaí,Todas,9º ano,Matemática,82,84.15000000000001,25.78,49.49,21.78,2.95,24.72,8.85
Tarabai,Todas,9º ano,Matemática,112,85.70999999999999,17.74,60.37,19.1,2.79,21.88,1.53
Tarumã,Todas,9º ano,Matemática,217,79.26000000000001,25.93,63.65,9.869999999999999,0.55,10.42,1.69
Tatuí,Todas,9º ano,Matemática,1438,83.94,34.47,54.9,9.970000000000001,0.66,10.63,0.43
Taubaté,Todas,9º ano,Matemática,3121,78.66,25.75,54.71,16.83,2.71,19.54,1.12
Tejupá,Todas,9º ano,Matemática,101,96.04000000000001,20.8,63.85,12.95,2.4,15.35,-3.64
Teodoro Sampaio,Todas,9º ano,Matemática,307,87.95,26.19,57.27,13.21,3.33,16.54,5.05
Terra Roxa,Todas,9º ano,Matemática,104,100,11.39,36.97,36,15.64,51.64,31.34
Tietê,Todas,9º ano,Matemática,414,88.41,21.45,54.89,20.38,3.28,23.66,8.07
Timburi,Todas,9º ano,Matemática,28,96.43000000000001,22.22,66.68000000000001,7.39,3.71,11.11,-2.67
Torre De Pedra,Todas,9º ano,Matemática,38,94.73999999999999,16.42,63.3,20.28,0,20.29,9.380000000000001
Torrinha,Todas,9º ano,Matemática,102,88.23999999999999,34.16,53.85,9.77,2.22,11.99,-7.74
Trabiju,Todas,9º ano,Matemática,41,80.48999999999999,30.02,48.23,15.34,6.41,21.76,5.1
Tremembé,Todas,9º ano,Matemática,327,92.34999999999999,19.85,62.35,15.85,1.95,17.81,8.17
Três Fronteiras,Todas,9º ano,Matemática,59,81.36,25.83,62,12.17,0,12.17,-2.85
Tuiuti,Todas,9º ano,Matemática,52,92.31,12.17,56.1,23.21,8.52,31.75,6.59
Tupã,Todas,9º ano,Matemática,686,75.66,25.95,54.52,17.66,1.87,19.53,4.61
Tupi Paulista,Todas,9º ano,Matemática,136,93.38,29.75,57.1,12.46,0.6899999999999999,13.15,-2.25
Turiúba,Todas,9º ano,Matemática,Sem dados*,Sem dados*,Sem dados*,Sem dados*,Sem dados*,Sem dados*,Sem dados*,Sem dados*
Turmalina,Todas,9º ano,Matemática,29,96.55,25,46.41,17.86,10.73,28.59,-29.11
Ubarana,Todas,9º ano,Matemática,72,100,20.53,69.95999999999999,9.51,0,9.51,-3.24
Ubatuba,Todas,9º ano,Matemática,1298,78.27,33.98,53.4,11.31,1.31,12.61,2.47
Ubirajara,Todas,9º ano,Matemática,66,54.55,43.33,54.14,2.53,0,2.53,-3.39
Uchoa,Todas,9º ano,Matemática,111,94.59,10.54,48.66,36.07,4.73,40.8,2.45
União Paulista,Todas,9º ano,Matemática,26,84.62,27.27,50,18.19,4.54,22.73,11.18
Urânia,Todas,9º ano,Matemática,108,97.22,30.97,52.34,13.97,2.72,16.69,-6.95
Uru,Todas,9º ano,Matemática,28,78.56999999999999,31.82,63.64,4.54,0,4.54,-8.5
Urupês,Todas,9º ano,Matemática,121,87.59999999999999,13.96,61.56,19.62,4.86,24.48,-10.56
Valentim Gentil,Todas,9º ano,Matemática,165,84.23999999999999,28.26,57.01,12.23,2.5,14.73,0.46
Valinhos,Todas,9º ano,Matemática,971,89.08,12.06,55.49,26.71,5.74,32.45,6.81
Valparaíso,Todas,9º ano,Matemática,254,83.86,25.32,56.56,15.77,2.35,18.12,14.61
Vargem,Todas,9º ano,Matemática,127,83.45999999999999,28.43,59.85,11.72,0,11.72,7.22
Vargem Grande Do Sul,Todas,9º ano,Matemática,484,81.40000000000001,25.88,56.92,15.08,2.12,17.2,1.79
Vargem Grande Paulista,Todas,9º ano,Matemática,711,82.84,27.55,58.63,12.08,1.74,13.82,3.23
Várzea Paulista,Todas,9º ano,Matemática,1441,78.7,25.56,57.75,14.51,2.18,16.69,2.79
Vera Cruz,Todas,9º ano,Matemática,113,92.04000000000001,19.35,58.74,20.06,1.85,21.91,2.93
Vinhedo,Todas,9º ano,Matemática,757,87.58,15.36,59.78,20.92,3.94,24.86,1.1
Viradouro,Todas,9º ano,Matemática,213,73.70999999999999,21.98,67.54000000000001,8.56,1.92,10.49,-4.17
Vista Alegre Do Alto,Todas,9º ano,Matemática,87,93.09999999999999,23.95,53.82,19.62,2.61,22.22,4.11
Vitória Brasil,Todas,9º ano,Matemática,34,94.12,21.88,68.73999999999999,6.26,3.12,9.380000000000001,-4.9
Votorantim,Todas,9º ano,Matemática,1448,74.52,28.91,54.6,14.71,1.78,16.49,2.16
Votuporanga,Todas,9º ano,Matemática,851,84.72,21.25,52.91,20.83,5.01,25.84,8.279999999999999
Zacarias,Todas,9º ano,Matemática,41,75.61,26.44,48.54,22.07,2.95,25.02,11.5
