"rules_a";"gera";"rules_b";"support";"confidence";"lift";"count"
"{TX_RESP_Q026_alunos=A}";"=>";"{TX_RESP_Q027_alunos=A}";"0.507692307692308";"0.944141689373297";"1.02444626867611";693
"{TX_RESP_Q054_alunos=A}";"=>";"{TX_RESP_Q055_alunos=A}";"0.511355311355311";"0.908854166666667";"1.16926101555137";698
"{TX_RESP_Q054_alunos=A}";"=>";"{TX_RESP_Q029_alunos=A}";"0.509157509157509";"0.904947916666667";"1.03023678586322";695
"{TX_RESP_Q054_alunos=A}";"=>";"{TX_RESP_Q028_alunos=A}";"0.512820512820513";"0.911458333333333";"1.02821539256198";700
"{TX_RESP_Q054_alunos=A}";"=>";"{TX_RESP_Q030_alunos=A}";"0.519413919413919";"0.923177083333333";"1.02283824573864";709
"{TX_RESP_Q054_alunos=A}";"=>";"{TX_RESP_Q027_alunos=A}";"0.53040293040293";"0.942708333333333";"1.02289099761526";724
"{TX_RESP_Q048_alunos=A}";"=>";"{TX_RESP_Q029_alunos=A}";"0.534798534798535";"0.915934755332497";"1.04274473813916";730
"{TX_RESP_Q048_alunos=A}";"=>";"{TX_RESP_Q028_alunos=A}";"0.539194139194139";"0.923462986198243";"1.04175783153769";736
"{TX_RESP_Q048_alunos=A}";"=>";"{TX_RESP_Q030_alunos=A}";"0.544322344322344";"0.932245922208281";"1.03288610699213";743
"{TX_RESP_Q048_alunos=A}";"=>";"{TX_RESP_Q027_alunos=A}";"0.550915750915751";"0.943538268506901";"1.0237915234594";752
"{TX_RESP_Q053_alunos=A}";"=>";"{TX_RESP_Q055_alunos=A}";"0.538461538461538";"0.833333333333333";"1.07210179076343";735
"{TX_RESP_Q053_alunos=A}";"=>";"{TX_RESP_Q029_alunos=A}";"0.585347985347985";"0.905895691609977";"1.0313157790222";799
"{TX_RESP_Q053_alunos=A}";"=>";"{TX_RESP_Q028_alunos=A}";"0.584615384615385";"0.904761904761905";"1.02066115702479";798
"{TX_RESP_Q053_alunos=A}";"=>";"{TX_RESP_Q030_alunos=A}";"0.594871794871795";"0.920634920634921";"1.02002164502164";812
"{TX_RESP_Q053_alunos=A}";"=>";"{TX_RESP_Q027_alunos=A}";"0.606593406593407";"0.938775510204082";"1.01862366568249";828
"{TX_RESP_Q045_alunos=B}";"=>";"{TX_RESP_Q029_alunos=A}";"0.695238095238095";"0.900379506641366";"1.0250358853757";949
"{TX_RESP_Q045_alunos=B}";"=>";"{TX_RESP_Q028_alunos=A}";"0.708424908424908";"0.917457305502846";"1.03498282810858";967
"{TX_RESP_Q045_alunos=B}";"=>";"{TX_RESP_Q030_alunos=A}";"0.72014652014652";"0.932637571157495";"1.03332003622563";983
"{TX_RESP_Q045_alunos=B}";"=>";"{TX_RESP_Q027_alunos=A}";"0.731868131868132";"0.947817836812144";"1.02843509320237";999
"{TX_RESP_Q055_alunos=A}";"=>";"{TX_RESP_Q029_alunos=A}";"0.696703296703297";"0.896324222431668";"1.02041915230961";951
"{TX_RESP_Q055_alunos=A}";"=>";"{TX_RESP_Q028_alunos=A}";"0.710622710622711";"0.914231856738926";"1.03134420202366";970
"{TX_RESP_Q028_alunos=A}";"=>";"{TX_RESP_Q055_alunos=A}";"0.710622710622711";"0.801652892561983";"1.03134420202366";970
"{TX_RESP_Q055_alunos=A}";"=>";"{TX_RESP_Q030_alunos=A}";"0.723809523809524";"0.93119698397738";"1.0317239311113";988
"{TX_RESP_Q030_alunos=A}";"=>";"{TX_RESP_Q055_alunos=A}";"0.723809523809524";"0.801948051948052";"1.0317239311113";988
"{TX_RESP_Q055_alunos=A}";"=>";"{TX_RESP_Q027_alunos=A}";"0.736996336996337";"0.948162111215834";"1.02880865008713";1006
"{TX_RESP_Q013_alunos=A}";"=>";"{TX_RESP_Q029_alunos=A}";"0.69010989010989";"0.882022471910112";"1.00413734291685";942
"{TX_RESP_Q013_alunos=A}";"=>";"{TX_RESP_Q028_alunos=A}";"0.695238095238095";"0.888576779026217";"1.0024027300585";949
"{TX_RESP_Q013_alunos=A}";"=>";"{TX_RESP_Q030_alunos=A}";"0.710622710622711";"0.908239700374532";"1.00628830439224";970
"{TX_RESP_Q013_alunos=A}";"=>";"{TX_RESP_Q027_alunos=A}";"0.725274725274725";"0.926966292134832";"1.00581000696665";990
"{TX_RESP_Q029_alunos=A}";"=>";"{TX_RESP_Q028_alunos=A}";"0.841025641025641";"0.957464553794829";"1.08011497184293";1148
"{TX_RESP_Q028_alunos=A}";"=>";"{TX_RESP_Q029_alunos=A}";"0.841025641025641";"0.948760330578512";"1.08011497184293";1148
"{TX_RESP_Q029_alunos=A}";"=>";"{TX_RESP_Q030_alunos=A}";"0.846886446886447";"0.964136780650542";"1.06821972856168";1156
"{TX_RESP_Q030_alunos=A}";"=>";"{TX_RESP_Q029_alunos=A}";"0.846886446886447";"0.938311688311688";"1.06821972856168";1156
"{TX_RESP_Q029_alunos=A}";"=>";"{TX_RESP_Q027_alunos=A}";"0.855677655677656";"0.974145120934112";"1.05700166142692";1168
"{TX_RESP_Q027_alunos=A}";"=>";"{TX_RESP_Q029_alunos=A}";"0.855677655677656";"0.92845786963434";"1.05700166142692";1168
"{TX_RESP_Q028_alunos=A}";"=>";"{TX_RESP_Q030_alunos=A}";"0.852014652014652";"0.961157024793388";"1.0649182945154";1163
"{TX_RESP_Q030_alunos=A}";"=>";"{TX_RESP_Q028_alunos=A}";"0.852014652014652";"0.943993506493506";"1.0649182945154";1163
"{TX_RESP_Q028_alunos=A}";"=>";"{TX_RESP_Q027_alunos=A}";"0.863736263736264";"0.974380165289256";"1.05725669763103";1179
"{TX_RESP_Q027_alunos=A}";"=>";"{TX_RESP_Q028_alunos=A}";"0.863736263736264";"0.937201907790143";"1.05725669763103";1179
"{TX_RESP_Q030_alunos=A}";"=>";"{TX_RESP_Q027_alunos=A}";"0.876190476190476";"0.970779220779221";"1.05334947246712";1196
"{TX_RESP_Q027_alunos=A}";"=>";"{TX_RESP_Q030_alunos=A}";"0.876190476190476";"0.950715421303657";"1.05334947246712";1196
"{TX_RESP_Q028_alunos=A},{TX_RESP_Q054_alunos=A}";"=>";"{TX_RESP_Q027_alunos=A}";"0.5003663003663";"0.975714285714286";"1.05870429252782";683
"{TX_RESP_Q027_alunos=A},{TX_RESP_Q054_alunos=A}";"=>";"{TX_RESP_Q028_alunos=A}";"0.5003663003663";"0.943370165745856";"1.06421510433314";683
"{TX_RESP_Q030_alunos=A},{TX_RESP_Q054_alunos=A}";"=>";"{TX_RESP_Q027_alunos=A}";"0.505494505494505";"0.973201692524683";"1.05597798910667";690
"{TX_RESP_Q027_alunos=A},{TX_RESP_Q054_alunos=A}";"=>";"{TX_RESP_Q030_alunos=A}";"0.505494505494505";"0.953038674033149";"1.055923530889";690
"{TX_RESP_Q029_alunos=A},{TX_RESP_Q048_alunos=A}";"=>";"{TX_RESP_Q028_alunos=A}";"0.518681318681319";"0.96986301369863";"1.09410166421374";708
"{TX_RESP_Q028_alunos=A},{TX_RESP_Q048_alunos=A}";"=>";"{TX_RESP_Q029_alunos=A}";"0.518681318681319";"0.96195652173913";"1.09513815861044";708
"{TX_RESP_Q029_alunos=A},{TX_RESP_Q048_alunos=A}";"=>";"{TX_RESP_Q030_alunos=A}";"0.517216117216117";"0.967123287671233";"1.07152864259029";706
"{TX_RESP_Q030_alunos=A},{TX_RESP_Q048_alunos=A}";"=>";"{TX_RESP_Q029_alunos=A}";"0.517216117216117";"0.950201884253028";"1.08175610676012";706
"{TX_RESP_Q029_alunos=A},{TX_RESP_Q048_alunos=A}";"=>";"{TX_RESP_Q027_alunos=A}";"0.52014652014652";"0.972602739726027";"1.05532809199207";710
"{TX_RESP_Q027_alunos=A},{TX_RESP_Q048_alunos=A}";"=>";"{TX_RESP_Q029_alunos=A}";"0.52014652014652";"0.944148936170213";"1.07486513584015";710
"{TX_RESP_Q028_alunos=A},{TX_RESP_Q048_alunos=A}";"=>";"{TX_RESP_Q030_alunos=A}";"0.521611721611722";"0.967391304347826";"1.07182559288538";712
"{TX_RESP_Q030_alunos=A},{TX_RESP_Q048_alunos=A}";"=>";"{TX_RESP_Q028_alunos=A}";"0.521611721611722";"0.958277254374159";"1.08103177869482";712
"{TX_RESP_Q028_alunos=A},{TX_RESP_Q048_alunos=A}";"=>";"{TX_RESP_Q027_alunos=A}";"0.527472527472527";"0.978260869565217";"1.06146747770789";720
"{TX_RESP_Q027_alunos=A},{TX_RESP_Q048_alunos=A}";"=>";"{TX_RESP_Q028_alunos=A}";"0.527472527472527";"0.957446808510638";"1.0800949534025";720
"{TX_RESP_Q030_alunos=A},{TX_RESP_Q048_alunos=A}";"=>";"{TX_RESP_Q027_alunos=A}";"0.52967032967033";"0.973082099596231";"1.05584822412469";723
"{TX_RESP_Q027_alunos=A},{TX_RESP_Q048_alunos=A}";"=>";"{TX_RESP_Q030_alunos=A}";"0.52967032967033";"0.961436170212766";"1.06522757495164";723
"{TX_RESP_Q053_alunos=A},{TX_RESP_Q055_alunos=A}";"=>";"{TX_RESP_Q030_alunos=A}";"0.5003663003663";"0.929251700680272";"1.02956864564007";683
"{TX_RESP_Q030_alunos=A},{TX_RESP_Q053_alunos=A}";"=>";"{TX_RESP_Q055_alunos=A}";"0.5003663003663";"0.841133004926108";"1.08213624102181";683
"{TX_RESP_Q053_alunos=A},{TX_RESP_Q055_alunos=A}";"=>";"{TX_RESP_Q027_alunos=A}";"0.510622710622711";"0.948299319727891";"1.02895752895753";697
"{TX_RESP_Q027_alunos=A},{TX_RESP_Q053_alunos=A}";"=>";"{TX_RESP_Q055_alunos=A}";"0.510622710622711";"0.841787439613527";"1.08297818574219";697
"{TX_RESP_Q029_alunos=A},{TX_RESP_Q053_alunos=A}";"=>";"{TX_RESP_Q028_alunos=A}";"0.563369963369963";"0.962453066332916";"1.08574250871441";769
"{TX_RESP_Q028_alunos=A},{TX_RESP_Q053_alunos=A}";"=>";"{TX_RESP_Q029_alunos=A}";"0.563369963369963";"0.963659147869674";"1.09707651112769";769
"{TX_RESP_Q029_alunos=A},{TX_RESP_Q053_alunos=A}";"=>";"{TX_RESP_Q030_alunos=A}";"0.564835164835165";"0.964956195244055";"1.06912760268517";771
"{TX_RESP_Q030_alunos=A},{TX_RESP_Q053_alunos=A}";"=>";"{TX_RESP_Q029_alunos=A}";"0.564835164835165";"0.949507389162562";"1.08096545972218";771
"{TX_RESP_Q029_alunos=A},{TX_RESP_Q053_alunos=A}";"=>";"{TX_RESP_Q027_alunos=A}";"0.570695970695971";"0.974968710888611";"1.05789530235529";779
"{TX_RESP_Q027_alunos=A},{TX_RESP_Q053_alunos=A}";"=>";"{TX_RESP_Q029_alunos=A}";"0.570695970695971";"0.940821256038647";"1.07107674269621";779
"{TX_RESP_Q028_alunos=A},{TX_RESP_Q053_alunos=A}";"=>";"{TX_RESP_Q030_alunos=A}";"0.563369963369963";"0.963659147869674";"1.06769053315106";769
"{TX_RESP_Q030_alunos=A},{TX_RESP_Q053_alunos=A}";"=>";"{TX_RESP_Q028_alunos=A}";"0.563369963369963";"0.947044334975369";"1.06835993160445";769
"{TX_RESP_Q028_alunos=A},{TX_RESP_Q053_alunos=A}";"=>";"{TX_RESP_Q027_alunos=A}";"0.570695970695971";"0.976190476190476";"1.05922098569157";779
"{TX_RESP_Q027_alunos=A},{TX_RESP_Q053_alunos=A}";"=>";"{TX_RESP_Q028_alunos=A}";"0.570695970695971";"0.940821256038647";"1.06133968139897";779
"{TX_RESP_Q030_alunos=A},{TX_RESP_Q053_alunos=A}";"=>";"{TX_RESP_Q027_alunos=A}";"0.575824175824176";"0.967980295566502";"1.05031248286826";786
"{TX_RESP_Q027_alunos=A},{TX_RESP_Q053_alunos=A}";"=>";"{TX_RESP_Q030_alunos=A}";"0.575824175824176";"0.949275362318841";"1.05175395256917";786
"{TX_RESP_Q045_alunos=B},{TX_RESP_Q055_alunos=A}";"=>";"{TX_RESP_Q029_alunos=A}";"0.556043956043956";"0.903571428571429";"1.02866972477064";759
"{TX_RESP_Q045_alunos=B},{TX_RESP_Q055_alunos=A}";"=>";"{TX_RESP_Q028_alunos=A}";"0.56996336996337";"0.926190476190476";"1.0448347107438";778
"{TX_RESP_Q028_alunos=A},{TX_RESP_Q045_alunos=B}";"=>";"{TX_RESP_Q055_alunos=A}";"0.56996336996337";"0.804550155118924";"1.03507159447439";778
"{TX_RESP_Q028_alunos=A},{TX_RESP_Q055_alunos=A}";"=>";"{TX_RESP_Q045_alunos=B}";"0.56996336996337";"0.802061855670103";"1.03872337095796";778
"{TX_RESP_Q045_alunos=B},{TX_RESP_Q055_alunos=A}";"=>";"{TX_RESP_Q030_alunos=A}";"0.580952380952381";"0.944047619047619";"1.04596185064935";793
"{TX_RESP_Q030_alunos=A},{TX_RESP_Q045_alunos=B}";"=>";"{TX_RESP_Q055_alunos=A}";"0.580952380952381";"0.806714140386572";"1.03785560945115";793
"{TX_RESP_Q030_alunos=A},{TX_RESP_Q055_alunos=A}";"=>";"{TX_RESP_Q045_alunos=B}";"0.580952380952381";"0.802631578947368";"1.03946120043943";793
"{TX_RESP_Q045_alunos=B},{TX_RESP_Q055_alunos=A}";"=>";"{TX_RESP_Q027_alunos=A}";"0.587545787545788";"0.954761904761905";"1.03596979332273";802
"{TX_RESP_Q027_alunos=A},{TX_RESP_Q045_alunos=B}";"=>";"{TX_RESP_Q055_alunos=A}";"0.587545787545788";"0.802802802802803";"1.03282358701774";802
"{TX_RESP_Q013_alunos=A},{TX_RESP_Q045_alunos=B}";"=>";"{TX_RESP_Q029_alunos=A}";"0.550915750915751";"0.899521531100478";"1.02405912423032";752
"{TX_RESP_Q013_alunos=A},{TX_RESP_Q045_alunos=B}";"=>";"{TX_RESP_Q028_alunos=A}";"0.561172161172161";"0.916267942583732";"1.03364110878247";766
"{TX_RESP_Q013_alunos=A},{TX_RESP_Q028_alunos=A}";"=>";"{TX_RESP_Q045_alunos=B}";"0.561172161172161";"0.807165437302424";"1.04533284811936";766
"{TX_RESP_Q013_alunos=A},{TX_RESP_Q045_alunos=B}";"=>";"{TX_RESP_Q030_alunos=A}";"0.572161172161172";"0.934210526315789";"1.03506279904306";781
"{TX_RESP_Q013_alunos=A},{TX_RESP_Q030_alunos=A}";"=>";"{TX_RESP_Q045_alunos=B}";"0.572161172161172";"0.805154639175258";"1.04272873100022";781
"{TX_RESP_Q013_alunos=A},{TX_RESP_Q045_alunos=B}";"=>";"{TX_RESP_Q027_alunos=A}";"0.57948717948718";"0.946172248803828";"1.02664953864644";791
"{TX_RESP_Q029_alunos=A},{TX_RESP_Q045_alunos=B}";"=>";"{TX_RESP_Q028_alunos=A}";"0.671794871794872";"0.966280295047418";"1.09006000226424";917
"{TX_RESP_Q028_alunos=A},{TX_RESP_Q045_alunos=B}";"=>";"{TX_RESP_Q029_alunos=A}";"0.671794871794872";"0.948293691830403";"1.07958372756339";917
"{TX_RESP_Q029_alunos=A},{TX_RESP_Q045_alunos=B}";"=>";"{TX_RESP_Q030_alunos=A}";"0.676923076923077";"0.973656480505796";"1.07876712328767";924
"{TX_RESP_Q030_alunos=A},{TX_RESP_Q045_alunos=B}";"=>";"{TX_RESP_Q029_alunos=A}";"0.676923076923077";"0.939979654120041";"1.07011862207995";924
"{TX_RESP_Q029_alunos=A},{TX_RESP_Q045_alunos=B}";"=>";"{TX_RESP_Q027_alunos=A}";"0.682783882783883";"0.982086406743941";"1.06561839841453";932
"{TX_RESP_Q027_alunos=A},{TX_RESP_Q045_alunos=B}";"=>";"{TX_RESP_Q029_alunos=A}";"0.682783882783883";"0.932932932932933";"1.06209629145409";932
"{TX_RESP_Q028_alunos=A},{TX_RESP_Q045_alunos=B}";"=>";"{TX_RESP_Q030_alunos=A}";"0.685714285714286";"0.96794208893485";"1.07243583717213";936
"{TX_RESP_Q030_alunos=A},{TX_RESP_Q045_alunos=B}";"=>";"{TX_RESP_Q028_alunos=A}";"0.685714285714286";"0.952187182095626";"1.07416157319052";936
"{TX_RESP_Q028_alunos=A},{TX_RESP_Q030_alunos=A}";"=>";"{TX_RESP_Q045_alunos=B}";"0.685714285714286";"0.80481513327601";"1.04228904831286";936
"{TX_RESP_Q028_alunos=A},{TX_RESP_Q045_alunos=B}";"=>";"{TX_RESP_Q027_alunos=A}";"0.694505494505494";"0.980351602895553";"1.06373603970781";948
"{TX_RESP_Q027_alunos=A},{TX_RESP_Q045_alunos=B}";"=>";"{TX_RESP_Q028_alunos=A}";"0.694505494505494";"0.948948948948949";"1.07050852505398";948
"{TX_RESP_Q027_alunos=A},{TX_RESP_Q028_alunos=A}";"=>";"{TX_RESP_Q045_alunos=B}";"0.694505494505494";"0.804071246819338";"1.04132566594725";948
"{TX_RESP_Q030_alunos=A},{TX_RESP_Q045_alunos=B}";"=>";"{TX_RESP_Q027_alunos=A}";"0.702564102564103";"0.97558494404883";"1.05856394962373";959
"{TX_RESP_Q027_alunos=A},{TX_RESP_Q045_alunos=B}";"=>";"{TX_RESP_Q030_alunos=A}";"0.702564102564103";"0.95995995995996";"1.063592001092";959
"{TX_RESP_Q027_alunos=A},{TX_RESP_Q030_alunos=A}";"=>";"{TX_RESP_Q045_alunos=B}";"0.702564102564103";"0.801839464882943";"1.0384353601188";959
"{TX_RESP_Q013_alunos=A},{TX_RESP_Q055_alunos=A}";"=>";"{TX_RESP_Q029_alunos=A}";"0.543589743589744";"0.898305084745763";"1.02267426245035";742
"{TX_RESP_Q013_alunos=A},{TX_RESP_Q055_alunos=A}";"=>";"{TX_RESP_Q028_alunos=A}";"0.553113553113553";"0.914043583535109";"1.03113181117804";755
"{TX_RESP_Q013_alunos=A},{TX_RESP_Q055_alunos=A}";"=>";"{TX_RESP_Q030_alunos=A}";"0.564102564102564";"0.932203389830508";"1.03283898305085";770
"{TX_RESP_Q013_alunos=A},{TX_RESP_Q055_alunos=A}";"=>";"{TX_RESP_Q027_alunos=A}";"0.574358974358974";"0.949152542372881";"1.02988332300396";784
"{TX_RESP_Q029_alunos=A},{TX_RESP_Q055_alunos=A}";"=>";"{TX_RESP_Q028_alunos=A}";"0.674725274725275";"0.968454258675079";"1.09251244883594";921
"{TX_RESP_Q028_alunos=A},{TX_RESP_Q055_alunos=A}";"=>";"{TX_RESP_Q029_alunos=A}";"0.674725274725275";"0.949484536082474";"1.0809394426627";921
"{TX_RESP_Q028_alunos=A},{TX_RESP_Q029_alunos=A}";"=>";"{TX_RESP_Q055_alunos=A}";"0.674725274725275";"0.802264808362369";"1.03213144525413";921
"{TX_RESP_Q029_alunos=A},{TX_RESP_Q055_alunos=A}";"=>";"{TX_RESP_Q030_alunos=A}";"0.678388278388278";"0.973711882229232";"1.07882850587898";926
"{TX_RESP_Q030_alunos=A},{TX_RESP_Q055_alunos=A}";"=>";"{TX_RESP_Q029_alunos=A}";"0.678388278388278";"0.937246963562753";"1.06700759404767";926
"{TX_RESP_Q029_alunos=A},{TX_RESP_Q030_alunos=A}";"=>";"{TX_RESP_Q055_alunos=A}";"0.678388278388278";"0.801038062283737";"1.03055320925288";926
"{TX_RESP_Q029_alunos=A},{TX_RESP_Q055_alunos=A}";"=>";"{TX_RESP_Q027_alunos=A}";"0.683516483516484";"0.981072555205047";"1.0645183130802";933
"{TX_RESP_Q027_alunos=A},{TX_RESP_Q055_alunos=A}";"=>";"{TX_RESP_Q029_alunos=A}";"0.683516483516484";"0.927435387673956";"1.05583761816093";933
"{TX_RESP_Q028_alunos=A},{TX_RESP_Q055_alunos=A}";"=>";"{TX_RESP_Q030_alunos=A}";"0.690842490842491";"0.972164948453608";"1.07711457357076";943
"{TX_RESP_Q030_alunos=A},{TX_RESP_Q055_alunos=A}";"=>";"{TX_RESP_Q028_alunos=A}";"0.690842490842491";"0.954453441295547";"1.07671813832101";943
"{TX_RESP_Q028_alunos=A},{TX_RESP_Q030_alunos=A}";"=>";"{TX_RESP_Q055_alunos=A}";"0.690842490842491";"0.810834049871023";"1.04315596425443";943
"{TX_RESP_Q028_alunos=A},{TX_RESP_Q055_alunos=A}";"=>";"{TX_RESP_Q027_alunos=A}";"0.695970695970696";"0.979381443298969";"1.06268336256208";950
"{TX_RESP_Q027_alunos=A},{TX_RESP_Q055_alunos=A}";"=>";"{TX_RESP_Q028_alunos=A}";"0.695970695970696";"0.944333996023857";"1.06530240047319";950
"{TX_RESP_Q027_alunos=A},{TX_RESP_Q028_alunos=A}";"=>";"{TX_RESP_Q055_alunos=A}";"0.695970695970696";"0.805767599660729";"1.0366378638425";950
"{TX_RESP_Q030_alunos=A},{TX_RESP_Q055_alunos=A}";"=>";"{TX_RESP_Q027_alunos=A}";"0.706959706959707";"0.976720647773279";"1.05979625135972";965
"{TX_RESP_Q027_alunos=A},{TX_RESP_Q055_alunos=A}";"=>";"{TX_RESP_Q030_alunos=A}";"0.706959706959707";"0.959244532803181";"1.06279934032171";965
"{TX_RESP_Q027_alunos=A},{TX_RESP_Q030_alunos=A}";"=>";"{TX_RESP_Q055_alunos=A}";"0.706959706959707";"0.80685618729097";"1.03803835593984";965
"{TX_RESP_Q013_alunos=A},{TX_RESP_Q029_alunos=A}";"=>";"{TX_RESP_Q028_alunos=A}";"0.659340659340659";"0.955414012738854";"1.07780175817234";900
"{TX_RESP_Q013_alunos=A},{TX_RESP_Q028_alunos=A}";"=>";"{TX_RESP_Q029_alunos=A}";"0.659340659340659";"0.948366701791359";"1.07966684565905";900
"{TX_RESP_Q013_alunos=A},{TX_RESP_Q029_alunos=A}";"=>";"{TX_RESP_Q030_alunos=A}";"0.666666666666667";"0.966029723991507";"1.07031702374059";910
"{TX_RESP_Q013_alunos=A},{TX_RESP_Q030_alunos=A}";"=>";"{TX_RESP_Q029_alunos=A}";"0.666666666666667";"0.938144329896907";"1.06802919959072";910
"{TX_RESP_Q013_alunos=A},{TX_RESP_Q029_alunos=A}";"=>";"{TX_RESP_Q027_alunos=A}";"0.673992673992674";"0.976645435244161";"1.05971464158051";920
"{TX_RESP_Q013_alunos=A},{TX_RESP_Q027_alunos=A}";"=>";"{TX_RESP_Q029_alunos=A}";"0.673992673992674";"0.929292929292929";"1.05795233401572";920
"{TX_RESP_Q013_alunos=A},{TX_RESP_Q028_alunos=A}";"=>";"{TX_RESP_Q030_alunos=A}";"0.667399267399267";"0.959957850368809";"1.0635896637609";911
"{TX_RESP_Q013_alunos=A},{TX_RESP_Q030_alunos=A}";"=>";"{TX_RESP_Q028_alunos=A}";"0.667399267399267";"0.939175257731959";"1.05948283206952";911
"{TX_RESP_Q013_alunos=A},{TX_RESP_Q028_alunos=A}";"=>";"{TX_RESP_Q027_alunos=A}";"0.67985347985348";"0.977871443624868";"1.06104492889344";928
"{TX_RESP_Q013_alunos=A},{TX_RESP_Q027_alunos=A}";"=>";"{TX_RESP_Q028_alunos=A}";"0.67985347985348";"0.937373737373737";"1.05745053844227";928
"{TX_RESP_Q013_alunos=A},{TX_RESP_Q030_alunos=A}";"=>";"{TX_RESP_Q027_alunos=A}";"0.69010989010989";"0.971134020618557";"1.05373445003524";942
"{TX_RESP_Q013_alunos=A},{TX_RESP_Q027_alunos=A}";"=>";"{TX_RESP_Q030_alunos=A}";"0.69010989010989";"0.951515151515152";"1.05423553719008";942
"{TX_RESP_Q028_alunos=A},{TX_RESP_Q029_alunos=A}";"=>";"{TX_RESP_Q030_alunos=A}";"0.817582417582418";"0.97212543554007";"1.0770707950586";1116
"{TX_RESP_Q029_alunos=A},{TX_RESP_Q030_alunos=A}";"=>";"{TX_RESP_Q028_alunos=A}";"0.817582417582418";"0.965397923875433";"1.08906460007435";1116
"{TX_RESP_Q028_alunos=A},{TX_RESP_Q030_alunos=A}";"=>";"{TX_RESP_Q029_alunos=A}";"0.817582417582418";"0.959587274290628";"1.09244089191552";1116
"{TX_RESP_Q028_alunos=A},{TX_RESP_Q029_alunos=A}";"=>";"{TX_RESP_Q027_alunos=A}";"0.824175824175824";"0.979965156794425";"1.06331672418473";1125
"{TX_RESP_Q027_alunos=A},{TX_RESP_Q029_alunos=A}";"=>";"{TX_RESP_Q028_alunos=A}";"0.824175824175824";"0.963184931506849";"1.08656812521227";1125
"{TX_RESP_Q027_alunos=A},{TX_RESP_Q028_alunos=A}";"=>";"{TX_RESP_Q029_alunos=A}";"0.824175824175824";"0.954198473282443";"1.08630601837409";1125
"{TX_RESP_Q029_alunos=A},{TX_RESP_Q030_alunos=A}";"=>";"{TX_RESP_Q027_alunos=A}";"0.83003663003663";"0.980103806228374";"1.06346716653556";1133
"{TX_RESP_Q027_alunos=A},{TX_RESP_Q029_alunos=A}";"=>";"{TX_RESP_Q030_alunos=A}";"0.83003663003663";"0.970034246575342";"1.07475385273973";1133
"{TX_RESP_Q027_alunos=A},{TX_RESP_Q030_alunos=A}";"=>";"{TX_RESP_Q029_alunos=A}";"0.83003663003663";"0.947324414715719";"1.0784802552852";1133
"{TX_RESP_Q028_alunos=A},{TX_RESP_Q030_alunos=A}";"=>";"{TX_RESP_Q027_alunos=A}";"0.835897435897436";"0.981083404987102";"1.06453008569745";1141
"{TX_RESP_Q027_alunos=A},{TX_RESP_Q028_alunos=A}";"=>";"{TX_RESP_Q030_alunos=A}";"0.835897435897436";"0.967769296013571";"1.07224439046958";1141
"{TX_RESP_Q027_alunos=A},{TX_RESP_Q030_alunos=A}";"=>";"{TX_RESP_Q028_alunos=A}";"0.835897435897436";"0.954013377926421";"1.07622170319799";1141
"{TX_RESP_Q028_alunos=A},{TX_RESP_Q029_alunos=A},{TX_RESP_Q048_alunos=A}";"=>";"{TX_RESP_Q030_alunos=A}";"0.504761904761905";"0.97316384180791";"1.07822130200308";689
"{TX_RESP_Q029_alunos=A},{TX_RESP_Q030_alunos=A},{TX_RESP_Q048_alunos=A}";"=>";"{TX_RESP_Q028_alunos=A}";"0.504761904761905";"0.975920679886686";"1.10093531243415";689
"{TX_RESP_Q028_alunos=A},{TX_RESP_Q030_alunos=A},{TX_RESP_Q048_alunos=A}";"=>";"{TX_RESP_Q029_alunos=A}";"0.504761904761905";"0.967696629213483";"1.10167297654412";689
"{TX_RESP_Q028_alunos=A},{TX_RESP_Q029_alunos=A},{TX_RESP_Q048_alunos=A}";"=>";"{TX_RESP_Q027_alunos=A}";"0.508424908424908";"0.980225988700565";"1.06359974131659";694
"{TX_RESP_Q027_alunos=A},{TX_RESP_Q029_alunos=A},{TX_RESP_Q048_alunos=A}";"=>";"{TX_RESP_Q028_alunos=A}";"0.508424908424908";"0.977464788732394";"1.10267722034687";694
"{TX_RESP_Q027_alunos=A},{TX_RESP_Q028_alunos=A},{TX_RESP_Q048_alunos=A}";"=>";"{TX_RESP_Q029_alunos=A}";"0.508424908424908";"0.963888888888889";"1.09733805949402";694
"{TX_RESP_Q029_alunos=A},{TX_RESP_Q030_alunos=A},{TX_RESP_Q048_alunos=A}";"=>";"{TX_RESP_Q027_alunos=A}";"0.506227106227106";"0.978753541076487";"1.06200205371177";691
"{TX_RESP_Q027_alunos=A},{TX_RESP_Q029_alunos=A},{TX_RESP_Q048_alunos=A}";"=>";"{TX_RESP_Q030_alunos=A}";"0.506227106227106";"0.973239436619718";"1.07830505761844";691
"{TX_RESP_Q027_alunos=A},{TX_RESP_Q030_alunos=A},{TX_RESP_Q048_alunos=A}";"=>";"{TX_RESP_Q029_alunos=A}";"0.506227106227106";"0.955739972337483";"1.08806093598054";691
"{TX_RESP_Q028_alunos=A},{TX_RESP_Q030_alunos=A},{TX_RESP_Q048_alunos=A}";"=>";"{TX_RESP_Q027_alunos=A}";"0.512087912087912";"0.981741573033708";"1.06524423465104";699
"{TX_RESP_Q027_alunos=A},{TX_RESP_Q028_alunos=A},{TX_RESP_Q048_alunos=A}";"=>";"{TX_RESP_Q030_alunos=A}";"0.512087912087912";"0.970833333333333";"1.07563920454545";699
"{TX_RESP_Q027_alunos=A},{TX_RESP_Q030_alunos=A},{TX_RESP_Q048_alunos=A}";"=>";"{TX_RESP_Q028_alunos=A}";"0.512087912087912";"0.966804979253112";"1.09065189808306";699
"{TX_RESP_Q028_alunos=A},{TX_RESP_Q029_alunos=A},{TX_RESP_Q053_alunos=A}";"=>";"{TX_RESP_Q030_alunos=A}";"0.546520146520146";"0.970091027308192";"1.07481676321078";746
"{TX_RESP_Q029_alunos=A},{TX_RESP_Q030_alunos=A},{TX_RESP_Q053_alunos=A}";"=>";"{TX_RESP_Q028_alunos=A}";"0.546520146520146";"0.96757457846952";"1.09152008232305";746
"{TX_RESP_Q028_alunos=A},{TX_RESP_Q030_alunos=A},{TX_RESP_Q053_alunos=A}";"=>";"{TX_RESP_Q029_alunos=A}";"0.546520146520146";"0.970091027308192";"1.1043988759597";746
"{TX_RESP_Q028_alunos=A},{TX_RESP_Q029_alunos=A},{TX_RESP_Q053_alunos=A}";"=>";"{TX_RESP_Q027_alunos=A}";"0.552380952380952";"0.980494148244473";"1.06389070934317";754
"{TX_RESP_Q027_alunos=A},{TX_RESP_Q029_alunos=A},{TX_RESP_Q053_alunos=A}";"=>";"{TX_RESP_Q028_alunos=A}";"0.552380952380952";"0.96790757381258";"1.09189573409436";754
"{TX_RESP_Q027_alunos=A},{TX_RESP_Q028_alunos=A},{TX_RESP_Q053_alunos=A}";"=>";"{TX_RESP_Q029_alunos=A}";"0.552380952380952";"0.96790757381258";"1.10191312615027";754
"{TX_RESP_Q029_alunos=A},{TX_RESP_Q030_alunos=A},{TX_RESP_Q053_alunos=A}";"=>";"{TX_RESP_Q027_alunos=A}";"0.552380952380952";"0.977950713359274";"1.06113094096614";754
"{TX_RESP_Q027_alunos=A},{TX_RESP_Q029_alunos=A},{TX_RESP_Q053_alunos=A}";"=>";"{TX_RESP_Q030_alunos=A}";"0.552380952380952";"0.96790757381258";"1.07239759598553";754
"{TX_RESP_Q027_alunos=A},{TX_RESP_Q030_alunos=A},{TX_RESP_Q053_alunos=A}";"=>";"{TX_RESP_Q029_alunos=A}";"0.552380952380952";"0.959287531806616";"1.09209965047209";754
"{TX_RESP_Q028_alunos=A},{TX_RESP_Q030_alunos=A},{TX_RESP_Q053_alunos=A}";"=>";"{TX_RESP_Q027_alunos=A}";"0.551648351648352";"0.979193758127438";"1.06247971370744";753
"{TX_RESP_Q027_alunos=A},{TX_RESP_Q028_alunos=A},{TX_RESP_Q053_alunos=A}";"=>";"{TX_RESP_Q030_alunos=A}";"0.551648351648352";"0.966623876765083";"1.07097531800677";753
"{TX_RESP_Q027_alunos=A},{TX_RESP_Q030_alunos=A},{TX_RESP_Q053_alunos=A}";"=>";"{TX_RESP_Q028_alunos=A}";"0.551648351648352";"0.958015267175573";"1.08073623115261";753
"{TX_RESP_Q029_alunos=A},{TX_RESP_Q045_alunos=B},{TX_RESP_Q055_alunos=A}";"=>";"{TX_RESP_Q028_alunos=A}";"0.542124542124542";"0.974967061923584";"1.09985953679809";740
"{TX_RESP_Q028_alunos=A},{TX_RESP_Q045_alunos=B},{TX_RESP_Q055_alunos=A}";"=>";"{TX_RESP_Q029_alunos=A}";"0.542124542124542";"0.951156812339332";"1.08284324340549";740
"{TX_RESP_Q028_alunos=A},{TX_RESP_Q029_alunos=A},{TX_RESP_Q045_alunos=B}";"=>";"{TX_RESP_Q055_alunos=A}";"0.542124542124542";"0.806979280261723";"1.03819671777309";740
"{TX_RESP_Q028_alunos=A},{TX_RESP_Q029_alunos=A},{TX_RESP_Q055_alunos=A}";"=>";"{TX_RESP_Q045_alunos=B}";"0.542124542124542";"0.803474484256243";"1.04055281879485";740
"{TX_RESP_Q029_alunos=A},{TX_RESP_Q045_alunos=B},{TX_RESP_Q055_alunos=A}";"=>";"{TX_RESP_Q030_alunos=A}";"0.546520146520146";"0.982872200263505";"1.08897772188286";746
"{TX_RESP_Q030_alunos=A},{TX_RESP_Q045_alunos=B},{TX_RESP_Q055_alunos=A}";"=>";"{TX_RESP_Q029_alunos=A}";"0.546520146520146";"0.940731399747793";"1.07097444591805";746
"{TX_RESP_Q029_alunos=A},{TX_RESP_Q030_alunos=A},{TX_RESP_Q045_alunos=B}";"=>";"{TX_RESP_Q055_alunos=A}";"0.546520146520146";"0.807359307359307";"1.03868563105132";746
"{TX_RESP_Q029_alunos=A},{TX_RESP_Q030_alunos=A},{TX_RESP_Q055_alunos=A}";"=>";"{TX_RESP_Q045_alunos=B}";"0.546520146520146";"0.805615550755939";"1.04332564210802";746
"{TX_RESP_Q029_alunos=A},{TX_RESP_Q045_alunos=B},{TX_RESP_Q055_alunos=A}";"=>";"{TX_RESP_Q027_alunos=A}";"0.547985347985348";"0.985507246376812";"1.06933019976498";748
"{TX_RESP_Q027_alunos=A},{TX_RESP_Q045_alunos=B},{TX_RESP_Q055_alunos=A}";"=>";"{TX_RESP_Q029_alunos=A}";"0.547985347985348";"0.932668329177057";"1.06179505365028";748
"{TX_RESP_Q027_alunos=A},{TX_RESP_Q029_alunos=A},{TX_RESP_Q045_alunos=B}";"=>";"{TX_RESP_Q055_alunos=A}";"0.547985347985348";"0.802575107296137";"1.03253065170521";748
"{TX_RESP_Q027_alunos=A},{TX_RESP_Q029_alunos=A},{TX_RESP_Q055_alunos=A}";"=>";"{TX_RESP_Q045_alunos=B}";"0.547985347985348";"0.801714898177921";"1.03827403796287";748
"{TX_RESP_Q028_alunos=A},{TX_RESP_Q045_alunos=B},{TX_RESP_Q055_alunos=A}";"=>";"{TX_RESP_Q030_alunos=A}";"0.557509157509158";"0.978149100257069";"1.08374474176209";761
"{TX_RESP_Q030_alunos=A},{TX_RESP_Q045_alunos=B},{TX_RESP_Q055_alunos=A}";"=>";"{TX_RESP_Q028_alunos=A}";"0.557509157509158";"0.959646910466583";"1.08257688660073";761
"{TX_RESP_Q028_alunos=A},{TX_RESP_Q030_alunos=A},{TX_RESP_Q045_alunos=B}";"=>";"{TX_RESP_Q055_alunos=A}";"0.557509157509158";"0.813034188034188";"1.04598649073201";761
"{TX_RESP_Q028_alunos=A},{TX_RESP_Q030_alunos=A},{TX_RESP_Q055_alunos=A}";"=>";"{TX_RESP_Q045_alunos=B}";"0.557509157509158";"0.806998939554613";"1.04511722247822";761
"{TX_RESP_Q028_alunos=A},{TX_RESP_Q045_alunos=B},{TX_RESP_Q055_alunos=A}";"=>";"{TX_RESP_Q027_alunos=A}";"0.56043956043956";"0.983290488431877";"1.06692489404572";765
"{TX_RESP_Q027_alunos=A},{TX_RESP_Q045_alunos=B},{TX_RESP_Q055_alunos=A}";"=>";"{TX_RESP_Q028_alunos=A}";"0.56043956043956";"0.953865336658354";"1.07605469796583";765
"{TX_RESP_Q027_alunos=A},{TX_RESP_Q028_alunos=A},{TX_RESP_Q045_alunos=B}";"=>";"{TX_RESP_Q055_alunos=A}";"0.56043956043956";"0.806962025316456";"1.03817451890383";765
"{TX_RESP_Q027_alunos=A},{TX_RESP_Q028_alunos=A},{TX_RESP_Q055_alunos=A}";"=>";"{TX_RESP_Q045_alunos=B}";"0.56043956043956";"0.805263157894737";"1.04286926994907";765
"{TX_RESP_Q030_alunos=A},{TX_RESP_Q045_alunos=B},{TX_RESP_Q055_alunos=A}";"=>";"{TX_RESP_Q027_alunos=A}";"0.569230769230769";"0.979823455233291";"1.06316297010608";777
"{TX_RESP_Q027_alunos=A},{TX_RESP_Q045_alunos=B},{TX_RESP_Q055_alunos=A}";"=>";"{TX_RESP_Q030_alunos=A}";"0.569230769230769";"0.968827930174564";"1.07341730900023";777
"{TX_RESP_Q027_alunos=A},{TX_RESP_Q030_alunos=A},{TX_RESP_Q045_alunos=B}";"=>";"{TX_RESP_Q055_alunos=A}";"0.569230769230769";"0.81021897810219";"1.04236466080065";777
"{TX_RESP_Q027_alunos=A},{TX_RESP_Q030_alunos=A},{TX_RESP_Q055_alunos=A}";"=>";"{TX_RESP_Q045_alunos=B}";"0.569230769230769";"0.805181347150259";"1.04276331960162";777
"{TX_RESP_Q013_alunos=A},{TX_RESP_Q029_alunos=A},{TX_RESP_Q045_alunos=B}";"=>";"{TX_RESP_Q028_alunos=A}";"0.531868131868132";"0.965425531914894";"1.08909574468085";726
"{TX_RESP_Q013_alunos=A},{TX_RESP_Q028_alunos=A},{TX_RESP_Q045_alunos=B}";"=>";"{TX_RESP_Q029_alunos=A}";"0.531868131868132";"0.947780678851175";"1.07899968860038";726
"{TX_RESP_Q013_alunos=A},{TX_RESP_Q028_alunos=A},{TX_RESP_Q029_alunos=A}";"=>";"{TX_RESP_Q045_alunos=B}";"0.531868131868132";"0.806666666666667";"1.04468690702087";726
"{TX_RESP_Q013_alunos=A},{TX_RESP_Q029_alunos=A},{TX_RESP_Q045_alunos=B}";"=>";"{TX_RESP_Q030_alunos=A}";"0.536996336996337";"0.974734042553192";"1.07996101305609";733
"{TX_RESP_Q013_alunos=A},{TX_RESP_Q030_alunos=A},{TX_RESP_Q045_alunos=B}";"=>";"{TX_RESP_Q029_alunos=A}";"0.536996336996337";"0.93854033290653";"1.0684800287051";733
"{TX_RESP_Q013_alunos=A},{TX_RESP_Q029_alunos=A},{TX_RESP_Q030_alunos=A}";"=>";"{TX_RESP_Q045_alunos=B}";"0.536996336996337";"0.805494505494506";"1.04316888045541";733
"{TX_RESP_Q013_alunos=A},{TX_RESP_Q029_alunos=A},{TX_RESP_Q045_alunos=B}";"=>";"{TX_RESP_Q027_alunos=A}";"0.540659340659341";"0.981382978723404";"1.06485513987078";738
"{TX_RESP_Q013_alunos=A},{TX_RESP_Q027_alunos=A},{TX_RESP_Q045_alunos=B}";"=>";"{TX_RESP_Q029_alunos=A}";"0.540659340659341";"0.932996207332491";"1.06216832611247";738
"{TX_RESP_Q013_alunos=A},{TX_RESP_Q027_alunos=A},{TX_RESP_Q029_alunos=A}";"=>";"{TX_RESP_Q045_alunos=B}";"0.540659340659341";"0.802173913043478";"1.03886849269862";738
"{TX_RESP_Q013_alunos=A},{TX_RESP_Q028_alunos=A},{TX_RESP_Q045_alunos=B}";"=>";"{TX_RESP_Q030_alunos=A}";"0.541391941391941";"0.964751958224543";"1.06890131735106";739
"{TX_RESP_Q013_alunos=A},{TX_RESP_Q030_alunos=A},{TX_RESP_Q045_alunos=B}";"=>";"{TX_RESP_Q028_alunos=A}";"0.541391941391941";"0.946222791293214";"1.06743314885557";739
"{TX_RESP_Q013_alunos=A},{TX_RESP_Q028_alunos=A},{TX_RESP_Q030_alunos=A}";"=>";"{TX_RESP_Q045_alunos=B}";"0.541391941391941";"0.811196487376509";"1.0505533256821";739
"{TX_RESP_Q013_alunos=A},{TX_RESP_Q028_alunos=A},{TX_RESP_Q045_alunos=B}";"=>";"{TX_RESP_Q027_alunos=A}";"0.55018315018315";"0.980417754569191";"1.06380781795465";751
"{TX_RESP_Q013_alunos=A},{TX_RESP_Q027_alunos=A},{TX_RESP_Q045_alunos=B}";"=>";"{TX_RESP_Q028_alunos=A}";"0.55018315018315";"0.949431099873578";"1.07105243911358";751
"{TX_RESP_Q013_alunos=A},{TX_RESP_Q027_alunos=A},{TX_RESP_Q028_alunos=A}";"=>";"{TX_RESP_Q045_alunos=B}";"0.55018315018315";"0.80926724137931";"1.04805482398744";751
"{TX_RESP_Q013_alunos=A},{TX_RESP_Q030_alunos=A},{TX_RESP_Q045_alunos=B}";"=>";"{TX_RESP_Q027_alunos=A}";"0.556776556776557";"0.973111395646607";"1.05588001196949";760
"{TX_RESP_Q013_alunos=A},{TX_RESP_Q027_alunos=A},{TX_RESP_Q045_alunos=B}";"=>";"{TX_RESP_Q030_alunos=A}";"0.556776556776557";"0.960809102402023";"1.06453281232042";760
"{TX_RESP_Q013_alunos=A},{TX_RESP_Q027_alunos=A},{TX_RESP_Q030_alunos=A}";"=>";"{TX_RESP_Q045_alunos=B}";"0.556776556776557";"0.806794055201699";"1.04485188363408";760
"{TX_RESP_Q028_alunos=A},{TX_RESP_Q029_alunos=A},{TX_RESP_Q045_alunos=B}";"=>";"{TX_RESP_Q030_alunos=A}";"0.657142857142857";"0.978189749182116";"1.08378977892337";897
"{TX_RESP_Q029_alunos=A},{TX_RESP_Q030_alunos=A},{TX_RESP_Q045_alunos=B}";"=>";"{TX_RESP_Q028_alunos=A}";"0.657142857142857";"0.970779220779221";"1.09513523666416";897
"{TX_RESP_Q028_alunos=A},{TX_RESP_Q030_alunos=A},{TX_RESP_Q045_alunos=B}";"=>";"{TX_RESP_Q029_alunos=A}";"0.657142857142857";"0.958333333333333";"1.09101334445371";897
"{TX_RESP_Q028_alunos=A},{TX_RESP_Q029_alunos=A},{TX_RESP_Q030_alunos=A}";"=>";"{TX_RESP_Q045_alunos=B}";"0.657142857142857";"0.803763440860215";"1.04092703678766";897
"{TX_RESP_Q028_alunos=A},{TX_RESP_Q029_alunos=A},{TX_RESP_Q045_alunos=B}";"=>";"{TX_RESP_Q027_alunos=A}";"0.662271062271062";"0.985823336968375";"1.06967317564534";904
"{TX_RESP_Q027_alunos=A},{TX_RESP_Q029_alunos=A},{TX_RESP_Q045_alunos=B}";"=>";"{TX_RESP_Q028_alunos=A}";"0.662271062271062";"0.969957081545064";"1.09420778207356";904
"{TX_RESP_Q027_alunos=A},{TX_RESP_Q028_alunos=A},{TX_RESP_Q045_alunos=B}";"=>";"{TX_RESP_Q029_alunos=A}";"0.662271062271062";"0.953586497890295";"1.08560931578003";904
"{TX_RESP_Q027_alunos=A},{TX_RESP_Q028_alunos=A},{TX_RESP_Q029_alunos=A}";"=>";"{TX_RESP_Q045_alunos=B}";"0.662271062271062";"0.803555555555556";"1.0406578115117";904
"{TX_RESP_Q029_alunos=A},{TX_RESP_Q030_alunos=A},{TX_RESP_Q045_alunos=B}";"=>";"{TX_RESP_Q027_alunos=A}";"0.666666666666667";"0.984848484848485";"1.0686154068507";910
"{TX_RESP_Q027_alunos=A},{TX_RESP_Q029_alunos=A},{TX_RESP_Q045_alunos=B}";"=>";"{TX_RESP_Q030_alunos=A}";"0.666666666666667";"0.976394849785408";"1.08180111197815";910
"{TX_RESP_Q027_alunos=A},{TX_RESP_Q030_alunos=A},{TX_RESP_Q045_alunos=B}";"=>";"{TX_RESP_Q029_alunos=A}";"0.666666666666667";"0.948905109489051";"1.08027979520647";910
"{TX_RESP_Q027_alunos=A},{TX_RESP_Q029_alunos=A},{TX_RESP_Q030_alunos=A}";"=>";"{TX_RESP_Q045_alunos=B}";"0.666666666666667";"0.803177405119153";"1.0401680815822";910
"{TX_RESP_Q028_alunos=A},{TX_RESP_Q030_alunos=A},{TX_RESP_Q045_alunos=B}";"=>";"{TX_RESP_Q027_alunos=A}";"0.674725274725275";"0.983974358974359";"1.06766693163752";921
"{TX_RESP_Q027_alunos=A},{TX_RESP_Q028_alunos=A},{TX_RESP_Q045_alunos=B}";"=>";"{TX_RESP_Q030_alunos=A}";"0.674725274725275";"0.971518987341772";"1.07639887802071";921
"{TX_RESP_Q027_alunos=A},{TX_RESP_Q030_alunos=A},{TX_RESP_Q045_alunos=B}";"=>";"{TX_RESP_Q028_alunos=A}";"0.674725274725275";"0.960375391032325";"1.0833986849249";921
"{TX_RESP_Q027_alunos=A},{TX_RESP_Q028_alunos=A},{TX_RESP_Q030_alunos=A}";"=>";"{TX_RESP_Q045_alunos=B}";"0.674725274725275";"0.807186678352322";"1.04536035668968";921
"{TX_RESP_Q013_alunos=A},{TX_RESP_Q029_alunos=A},{TX_RESP_Q055_alunos=A}";"=>";"{TX_RESP_Q028_alunos=A}";"0.525274725274725";"0.966307277628032";"1.09009044129113";717
"{TX_RESP_Q013_alunos=A},{TX_RESP_Q028_alunos=A},{TX_RESP_Q055_alunos=A}";"=>";"{TX_RESP_Q029_alunos=A}";"0.525274725274725";"0.949668874172185";"1.08114930212263";717
"{TX_RESP_Q013_alunos=A},{TX_RESP_Q029_alunos=A},{TX_RESP_Q055_alunos=A}";"=>";"{TX_RESP_Q030_alunos=A}";"0.528937728937729";"0.973045822102426";"1.07809054153394";722
"{TX_RESP_Q013_alunos=A},{TX_RESP_Q030_alunos=A},{TX_RESP_Q055_alunos=A}";"=>";"{TX_RESP_Q029_alunos=A}";"0.528937728937729";"0.937662337662338";"1.06748047615437";722
"{TX_RESP_Q013_alunos=A},{TX_RESP_Q029_alunos=A},{TX_RESP_Q055_alunos=A}";"=>";"{TX_RESP_Q027_alunos=A}";"0.534065934065934";"0.982479784366577";"1.06604523502415";729
"{TX_RESP_Q013_alunos=A},{TX_RESP_Q027_alunos=A},{TX_RESP_Q055_alunos=A}";"=>";"{TX_RESP_Q029_alunos=A}";"0.534065934065934";"0.92984693877551";"1.05858304539497";729
"{TX_RESP_Q013_alunos=A},{TX_RESP_Q028_alunos=A},{TX_RESP_Q055_alunos=A}";"=>";"{TX_RESP_Q030_alunos=A}";"0.536996336996337";"0.970860927152318";"1.07566977724262";733
"{TX_RESP_Q013_alunos=A},{TX_RESP_Q030_alunos=A},{TX_RESP_Q055_alunos=A}";"=>";"{TX_RESP_Q028_alunos=A}";"0.536996336996337";"0.951948051948052";"1.07389181066867";733
"{TX_RESP_Q013_alunos=A},{TX_RESP_Q028_alunos=A},{TX_RESP_Q030_alunos=A}";"=>";"{TX_RESP_Q055_alunos=A}";"0.536996336996337";"0.804610318331504";"1.03514899577993";733
"{TX_RESP_Q013_alunos=A},{TX_RESP_Q028_alunos=A},{TX_RESP_Q055_alunos=A}";"=>";"{TX_RESP_Q027_alunos=A}";"0.542124542124542";"0.980132450331126";"1.06349824698091";740
"{TX_RESP_Q013_alunos=A},{TX_RESP_Q027_alunos=A},{TX_RESP_Q055_alunos=A}";"=>";"{TX_RESP_Q028_alunos=A}";"0.542124542124542";"0.943877551020408";"1.06478748524203";740
"{TX_RESP_Q013_alunos=A},{TX_RESP_Q030_alunos=A},{TX_RESP_Q055_alunos=A}";"=>";"{TX_RESP_Q027_alunos=A}";"0.550915750915751";"0.976623376623377";"1.05969070674953";752
"{TX_RESP_Q013_alunos=A},{TX_RESP_Q027_alunos=A},{TX_RESP_Q055_alunos=A}";"=>";"{TX_RESP_Q030_alunos=A}";"0.550915750915751";"0.959183673469388";"1.0627319109462";752
"{TX_RESP_Q028_alunos=A},{TX_RESP_Q029_alunos=A},{TX_RESP_Q055_alunos=A}";"=>";"{TX_RESP_Q030_alunos=A}";"0.661538461538462";"0.980456026058632";"1.08630071068996";903
"{TX_RESP_Q029_alunos=A},{TX_RESP_Q030_alunos=A},{TX_RESP_Q055_alunos=A}";"=>";"{TX_RESP_Q028_alunos=A}";"0.661538461538462";"0.975161987041037";"1.100079431662";903
"{TX_RESP_Q028_alunos=A},{TX_RESP_Q030_alunos=A},{TX_RESP_Q055_alunos=A}";"=>";"{TX_RESP_Q029_alunos=A}";"0.661538461538462";"0.957582184517497";"1.09015820005537";903
"{TX_RESP_Q028_alunos=A},{TX_RESP_Q029_alunos=A},{TX_RESP_Q030_alunos=A}";"=>";"{TX_RESP_Q055_alunos=A}";"0.661538461538462";"0.809139784946237";"1.04097625490256";903
"{TX_RESP_Q028_alunos=A},{TX_RESP_Q029_alunos=A},{TX_RESP_Q055_alunos=A}";"=>";"{TX_RESP_Q027_alunos=A}";"0.663003663003663";"0.982627578718784";"1.06620560012014";905
"{TX_RESP_Q027_alunos=A},{TX_RESP_Q029_alunos=A},{TX_RESP_Q055_alunos=A}";"=>";"{TX_RESP_Q028_alunos=A}";"0.663003663003663";"0.969989281886388";"1.094244107252";905
"{TX_RESP_Q027_alunos=A},{TX_RESP_Q028_alunos=A},{TX_RESP_Q055_alunos=A}";"=>";"{TX_RESP_Q029_alunos=A}";"0.663003663003663";"0.952631578947368";"1.08452218954392";905
"{TX_RESP_Q027_alunos=A},{TX_RESP_Q028_alunos=A},{TX_RESP_Q029_alunos=A}";"=>";"{TX_RESP_Q055_alunos=A}";"0.663003663003663";"0.804444444444444";"1.0349355953503";905
"{TX_RESP_Q029_alunos=A},{TX_RESP_Q030_alunos=A},{TX_RESP_Q055_alunos=A}";"=>";"{TX_RESP_Q027_alunos=A}";"0.667399267399267";"0.983801295896328";"1.06747914856796";911
"{TX_RESP_Q027_alunos=A},{TX_RESP_Q029_alunos=A},{TX_RESP_Q055_alunos=A}";"=>";"{TX_RESP_Q030_alunos=A}";"0.667399267399267";"0.976420150053591";"1.08182914352528";911
"{TX_RESP_Q027_alunos=A},{TX_RESP_Q030_alunos=A},{TX_RESP_Q055_alunos=A}";"=>";"{TX_RESP_Q029_alunos=A}";"0.667399267399267";"0.944041450777202";"1.07474276923343";911
"{TX_RESP_Q027_alunos=A},{TX_RESP_Q029_alunos=A},{TX_RESP_Q030_alunos=A}";"=>";"{TX_RESP_Q055_alunos=A}";"0.667399267399267";"0.804060017652251";"1.0344410217675";911
"{TX_RESP_Q028_alunos=A},{TX_RESP_Q030_alunos=A},{TX_RESP_Q055_alunos=A}";"=>";"{TX_RESP_Q027_alunos=A}";"0.679120879120879";"0.983032873806999";"1.06664536784305";927
"{TX_RESP_Q027_alunos=A},{TX_RESP_Q028_alunos=A},{TX_RESP_Q055_alunos=A}";"=>";"{TX_RESP_Q030_alunos=A}";"0.679120879120879";"0.975789473684211";"1.08113038277512";927
"{TX_RESP_Q027_alunos=A},{TX_RESP_Q030_alunos=A},{TX_RESP_Q055_alunos=A}";"=>";"{TX_RESP_Q028_alunos=A}";"0.679120879120879";"0.960621761658031";"1.08367661542414";927
"{TX_RESP_Q027_alunos=A},{TX_RESP_Q028_alunos=A},{TX_RESP_Q030_alunos=A}";"=>";"{TX_RESP_Q055_alunos=A}";"0.679120879120879";"0.812445223488168";"1.04522877479863";927
"{TX_RESP_Q013_alunos=A},{TX_RESP_Q028_alunos=A},{TX_RESP_Q029_alunos=A}";"=>";"{TX_RESP_Q030_alunos=A}";"0.641025641025641";"0.972222222222222";"1.07717803030303";875
"{TX_RESP_Q013_alunos=A},{TX_RESP_Q029_alunos=A},{TX_RESP_Q030_alunos=A}";"=>";"{TX_RESP_Q028_alunos=A}";"0.641025641025641";"0.961538461538462";"1.08471074380165";875
"{TX_RESP_Q013_alunos=A},{TX_RESP_Q028_alunos=A},{TX_RESP_Q030_alunos=A}";"=>";"{TX_RESP_Q029_alunos=A}";"0.641025641025641";"0.960482985729967";"1.09346061344571";875
"{TX_RESP_Q013_alunos=A},{TX_RESP_Q028_alunos=A},{TX_RESP_Q029_alunos=A}";"=>";"{TX_RESP_Q027_alunos=A}";"0.648351648351648";"0.983333333333333";"1.06697138314785";885
"{TX_RESP_Q013_alunos=A},{TX_RESP_Q027_alunos=A},{TX_RESP_Q029_alunos=A}";"=>";"{TX_RESP_Q028_alunos=A}";"0.648351648351648";"0.96195652173913";"1.08518235716852";885
"{TX_RESP_Q013_alunos=A},{TX_RESP_Q027_alunos=A},{TX_RESP_Q028_alunos=A}";"=>";"{TX_RESP_Q029_alunos=A}";"0.648351648351648";"0.953663793103448";"1.08569731241552";885
"{TX_RESP_Q013_alunos=A},{TX_RESP_Q029_alunos=A},{TX_RESP_Q030_alunos=A}";"=>";"{TX_RESP_Q027_alunos=A}";"0.653479853479853";"0.98021978021978";"1.06359300476948";892
"{TX_RESP_Q013_alunos=A},{TX_RESP_Q027_alunos=A},{TX_RESP_Q029_alunos=A}";"=>";"{TX_RESP_Q030_alunos=A}";"0.653479853479853";"0.969565217391304";"1.07423418972332";892
"{TX_RESP_Q013_alunos=A},{TX_RESP_Q027_alunos=A},{TX_RESP_Q030_alunos=A}";"=>";"{TX_RESP_Q029_alunos=A}";"0.653479853479853";"0.94692144373673";"1.07802149349511";892
"{TX_RESP_Q013_alunos=A},{TX_RESP_Q028_alunos=A},{TX_RESP_Q030_alunos=A}";"=>";"{TX_RESP_Q027_alunos=A}";"0.655677655677656";"0.982436882546652";"1.06599868416231";895
"{TX_RESP_Q013_alunos=A},{TX_RESP_Q027_alunos=A},{TX_RESP_Q028_alunos=A}";"=>";"{TX_RESP_Q030_alunos=A}";"0.655677655677656";"0.964439655172414";"1.06855529976489";895
"{TX_RESP_Q013_alunos=A},{TX_RESP_Q027_alunos=A},{TX_RESP_Q030_alunos=A}";"=>";"{TX_RESP_Q028_alunos=A}";"0.655677655677656";"0.950106157112527";"1.07181397062694";895
"{TX_RESP_Q028_alunos=A},{TX_RESP_Q029_alunos=A},{TX_RESP_Q030_alunos=A}";"=>";"{TX_RESP_Q027_alunos=A}";"0.803663003663004";"0.982974910394265";"1.06658247431492";1097
"{TX_RESP_Q027_alunos=A},{TX_RESP_Q028_alunos=A},{TX_RESP_Q029_alunos=A}";"=>";"{TX_RESP_Q030_alunos=A}";"0.803663003663004";"0.975111111111111";"1.08037878787879";1097
"{TX_RESP_Q027_alunos=A},{TX_RESP_Q029_alunos=A},{TX_RESP_Q030_alunos=A}";"=>";"{TX_RESP_Q028_alunos=A}";"0.803663003663004";"0.968225948808473";"1.0922548926641";1097
"{TX_RESP_Q027_alunos=A},{TX_RESP_Q028_alunos=A},{TX_RESP_Q030_alunos=A}";"=>";"{TX_RESP_Q029_alunos=A}";"0.803663003663004";"0.961437335670465";"1.09454709190174";1097
"{TX_RESP_Q028_alunos=A},{TX_RESP_Q029_alunos=A},{TX_RESP_Q030_alunos=A},{TX_RESP_Q053_alunos=A}";"=>";"{TX_RESP_Q027_alunos=A}";"0.536996336996337";"0.982573726541555";"1.06614716751131";733
"{TX_RESP_Q027_alunos=A},{TX_RESP_Q028_alunos=A},{TX_RESP_Q029_alunos=A},{TX_RESP_Q053_alunos=A}";"=>";"{TX_RESP_Q030_alunos=A}";"0.536996336996337";"0.972148541114058";"1.07709639498433";733
"{TX_RESP_Q027_alunos=A},{TX_RESP_Q029_alunos=A},{TX_RESP_Q030_alunos=A},{TX_RESP_Q053_alunos=A}";"=>";"{TX_RESP_Q028_alunos=A}";"0.536996336996337";"0.972148541114058";"1.09667996580222";733
"{TX_RESP_Q027_alunos=A},{TX_RESP_Q028_alunos=A},{TX_RESP_Q030_alunos=A},{TX_RESP_Q053_alunos=A}";"=>";"{TX_RESP_Q029_alunos=A}";"0.536996336996337";"0.973439575033201";"1.10821102578842";733
"{TX_RESP_Q028_alunos=A},{TX_RESP_Q029_alunos=A},{TX_RESP_Q045_alunos=B},{TX_RESP_Q055_alunos=A}";"=>";"{TX_RESP_Q030_alunos=A}";"0.534065934065934";"0.985135135135135";"1.09148495085995";729
"{TX_RESP_Q029_alunos=A},{TX_RESP_Q030_alunos=A},{TX_RESP_Q045_alunos=B},{TX_RESP_Q055_alunos=A}";"=>";"{TX_RESP_Q028_alunos=A}";"0.534065934065934";"0.977211796246649";"1.10239181973279";729
"{TX_RESP_Q028_alunos=A},{TX_RESP_Q030_alunos=A},{TX_RESP_Q045_alunos=B},{TX_RESP_Q055_alunos=A}";"=>";"{TX_RESP_Q029_alunos=A}";"0.534065934065934";"0.957950065703022";"1.09057701391545";729
"{TX_RESP_Q028_alunos=A},{TX_RESP_Q029_alunos=A},{TX_RESP_Q030_alunos=A},{TX_RESP_Q045_alunos=B}";"=>";"{TX_RESP_Q055_alunos=A}";"0.534065934065934";"0.812709030100334";"1.04556816784822";729
"{TX_RESP_Q028_alunos=A},{TX_RESP_Q029_alunos=A},{TX_RESP_Q030_alunos=A},{TX_RESP_Q055_alunos=A}";"=>";"{TX_RESP_Q045_alunos=B}";"0.534065934065934";"0.807308970099668";"1.04551873262433";729
"{TX_RESP_Q028_alunos=A},{TX_RESP_Q029_alunos=A},{TX_RESP_Q045_alunos=B},{TX_RESP_Q055_alunos=A}";"=>";"{TX_RESP_Q027_alunos=A}";"0.534798534798535";"0.986486486486487";"1.0703927297727";730
"{TX_RESP_Q027_alunos=A},{TX_RESP_Q029_alunos=A},{TX_RESP_Q045_alunos=B},{TX_RESP_Q055_alunos=A}";"=>";"{TX_RESP_Q028_alunos=A}";"0.534798534798535";"0.975935828877005";"1.10095240199761";730
"{TX_RESP_Q027_alunos=A},{TX_RESP_Q028_alunos=A},{TX_RESP_Q045_alunos=B},{TX_RESP_Q055_alunos=A}";"=>";"{TX_RESP_Q029_alunos=A}";"0.534798534798535";"0.954248366013072";"1.08636281868878";730
"{TX_RESP_Q027_alunos=A},{TX_RESP_Q028_alunos=A},{TX_RESP_Q029_alunos=A},{TX_RESP_Q045_alunos=B}";"=>";"{TX_RESP_Q055_alunos=A}";"0.534798534798535";"0.807522123893805";"1.03889509812917";730
"{TX_RESP_Q027_alunos=A},{TX_RESP_Q028_alunos=A},{TX_RESP_Q029_alunos=A},{TX_RESP_Q055_alunos=A}";"=>";"{TX_RESP_Q045_alunos=B}";"0.534798534798535";"0.806629834254144";"1.04463920660048";730
"{TX_RESP_Q029_alunos=A},{TX_RESP_Q030_alunos=A},{TX_RESP_Q045_alunos=B},{TX_RESP_Q055_alunos=A}";"=>";"{TX_RESP_Q027_alunos=A}";"0.539194139194139";"0.986595174262735";"1.07051066205774";736
"{TX_RESP_Q027_alunos=A},{TX_RESP_Q029_alunos=A},{TX_RESP_Q045_alunos=B},{TX_RESP_Q055_alunos=A}";"=>";"{TX_RESP_Q030_alunos=A}";"0.539194139194139";"0.983957219251337";"1.09017987360233";736
"{TX_RESP_Q027_alunos=A},{TX_RESP_Q030_alunos=A},{TX_RESP_Q045_alunos=B},{TX_RESP_Q055_alunos=A}";"=>";"{TX_RESP_Q029_alunos=A}";"0.539194139194139";"0.947232947232947";"1.07837612424768";736
"{TX_RESP_Q027_alunos=A},{TX_RESP_Q029_alunos=A},{TX_RESP_Q030_alunos=A},{TX_RESP_Q045_alunos=B}";"=>";"{TX_RESP_Q055_alunos=A}";"0.539194139194139";"0.808791208791209";"1.04052780395853";736
"{TX_RESP_Q027_alunos=A},{TX_RESP_Q029_alunos=A},{TX_RESP_Q030_alunos=A},{TX_RESP_Q055_alunos=A}";"=>";"{TX_RESP_Q045_alunos=B}";"0.539194139194139";"0.807903402854007";"1.04628856251966";736
"{TX_RESP_Q028_alunos=A},{TX_RESP_Q030_alunos=A},{TX_RESP_Q045_alunos=B},{TX_RESP_Q055_alunos=A}";"=>";"{TX_RESP_Q027_alunos=A}";"0.549450549450549";"0.985545335085414";"1.06937152813322";750
"{TX_RESP_Q027_alunos=A},{TX_RESP_Q028_alunos=A},{TX_RESP_Q045_alunos=B},{TX_RESP_Q055_alunos=A}";"=>";"{TX_RESP_Q030_alunos=A}";"0.549450549450549";"0.980392156862745";"1.08622994652406";750
"{TX_RESP_Q027_alunos=A},{TX_RESP_Q030_alunos=A},{TX_RESP_Q045_alunos=B},{TX_RESP_Q055_alunos=A}";"=>";"{TX_RESP_Q028_alunos=A}";"0.549450549450549";"0.965250965250965";"1.08889881617154";750
"{TX_RESP_Q027_alunos=A},{TX_RESP_Q028_alunos=A},{TX_RESP_Q030_alunos=A},{TX_RESP_Q045_alunos=B}";"=>";"{TX_RESP_Q055_alunos=A}";"0.549450549450549";"0.814332247557003";"1.04765647305873";750
"{TX_RESP_Q027_alunos=A},{TX_RESP_Q028_alunos=A},{TX_RESP_Q030_alunos=A},{TX_RESP_Q055_alunos=A}";"=>";"{TX_RESP_Q045_alunos=B}";"0.549450549450549";"0.809061488673139";"1.04778836056815";750
"{TX_RESP_Q013_alunos=A},{TX_RESP_Q028_alunos=A},{TX_RESP_Q029_alunos=A},{TX_RESP_Q045_alunos=B}";"=>";"{TX_RESP_Q030_alunos=A}";"0.519413919413919";"0.976584022038568";"1.08201070623591";709
"{TX_RESP_Q013_alunos=A},{TX_RESP_Q029_alunos=A},{TX_RESP_Q030_alunos=A},{TX_RESP_Q045_alunos=B}";"=>";"{TX_RESP_Q028_alunos=A}";"0.519413919413919";"0.967257844474761";"1.09116277496533";709
"{TX_RESP_Q013_alunos=A},{TX_RESP_Q028_alunos=A},{TX_RESP_Q030_alunos=A},{TX_RESP_Q045_alunos=B}";"=>";"{TX_RESP_Q029_alunos=A}";"0.519413919413919";"0.959404600811908";"1.09223292752982";709
"{TX_RESP_Q013_alunos=A},{TX_RESP_Q028_alunos=A},{TX_RESP_Q029_alunos=A},{TX_RESP_Q030_alunos=A}";"=>";"{TX_RESP_Q045_alunos=B}";"0.519413919413919";"0.810285714285714";"1.04937381404175";709
"{TX_RESP_Q013_alunos=A},{TX_RESP_Q028_alunos=A},{TX_RESP_Q029_alunos=A},{TX_RESP_Q045_alunos=B}";"=>";"{TX_RESP_Q027_alunos=A}";"0.524542124542125";"0.986225895316804";"1.07010997385329";716
"{TX_RESP_Q013_alunos=A},{TX_RESP_Q027_alunos=A},{TX_RESP_Q029_alunos=A},{TX_RESP_Q045_alunos=B}";"=>";"{TX_RESP_Q028_alunos=A}";"0.524542124542125";"0.970189701897019";"1.09447020090036";716
"{TX_RESP_Q013_alunos=A},{TX_RESP_Q027_alunos=A},{TX_RESP_Q028_alunos=A},{TX_RESP_Q045_alunos=B}";"=>";"{TX_RESP_Q029_alunos=A}";"0.524542124542125";"0.953395472703063";"1.08539184340257";716
"{TX_RESP_Q013_alunos=A},{TX_RESP_Q027_alunos=A},{TX_RESP_Q028_alunos=A},{TX_RESP_Q029_alunos=A}";"=>";"{TX_RESP_Q045_alunos=B}";"0.524542124542125";"0.809039548022599";"1.04775994596855";716
"{TX_RESP_Q013_alunos=A},{TX_RESP_Q029_alunos=A},{TX_RESP_Q030_alunos=A},{TX_RESP_Q045_alunos=B}";"=>";"{TX_RESP_Q027_alunos=A}";"0.528205128205128";"0.983628922237381";"1.06729211355646";721
"{TX_RESP_Q013_alunos=A},{TX_RESP_Q027_alunos=A},{TX_RESP_Q029_alunos=A},{TX_RESP_Q045_alunos=B}";"=>";"{TX_RESP_Q030_alunos=A}";"0.528205128205128";"0.976964769647697";"1.08243255728012";721
"{TX_RESP_Q013_alunos=A},{TX_RESP_Q027_alunos=A},{TX_RESP_Q030_alunos=A},{TX_RESP_Q045_alunos=B}";"=>";"{TX_RESP_Q029_alunos=A}";"0.528205128205128";"0.948684210526316";"1.08002831306791";721
"{TX_RESP_Q013_alunos=A},{TX_RESP_Q027_alunos=A},{TX_RESP_Q029_alunos=A},{TX_RESP_Q030_alunos=A}";"=>";"{TX_RESP_Q045_alunos=B}";"0.528205128205128";"0.80829596412556";"1.04679695543775";721
"{TX_RESP_Q013_alunos=A},{TX_RESP_Q028_alunos=A},{TX_RESP_Q030_alunos=A},{TX_RESP_Q045_alunos=B}";"=>";"{TX_RESP_Q027_alunos=A}";"0.532600732600733";"0.983761840324763";"1.06743633707735";727
"{TX_RESP_Q013_alunos=A},{TX_RESP_Q027_alunos=A},{TX_RESP_Q028_alunos=A},{TX_RESP_Q045_alunos=B}";"=>";"{TX_RESP_Q030_alunos=A}";"0.532600732600733";"0.968042609853529";"1.0725472097809";727
"{TX_RESP_Q013_alunos=A},{TX_RESP_Q027_alunos=A},{TX_RESP_Q030_alunos=A},{TX_RESP_Q045_alunos=B}";"=>";"{TX_RESP_Q028_alunos=A}";"0.532600732600733";"0.956578947368421";"1.0791159199652";727
"{TX_RESP_Q013_alunos=A},{TX_RESP_Q027_alunos=A},{TX_RESP_Q028_alunos=A},{TX_RESP_Q030_alunos=A}";"=>";"{TX_RESP_Q045_alunos=B}";"0.532600732600733";"0.812290502793296";"1.05197014830441";727
"{TX_RESP_Q028_alunos=A},{TX_RESP_Q029_alunos=A},{TX_RESP_Q030_alunos=A},{TX_RESP_Q045_alunos=B}";"=>";"{TX_RESP_Q027_alunos=A}";"0.648351648351648";"0.986622073578595";"1.07053984931223";885
"{TX_RESP_Q027_alunos=A},{TX_RESP_Q028_alunos=A},{TX_RESP_Q029_alunos=A},{TX_RESP_Q045_alunos=B}";"=>";"{TX_RESP_Q030_alunos=A}";"0.648351648351648";"0.978982300884956";"1.08466789018504";885
"{TX_RESP_Q027_alunos=A},{TX_RESP_Q029_alunos=A},{TX_RESP_Q030_alunos=A},{TX_RESP_Q045_alunos=B}";"=>";"{TX_RESP_Q028_alunos=A}";"0.648351648351648";"0.972527472527473";"1.09710743801653";885
"{TX_RESP_Q027_alunos=A},{TX_RESP_Q028_alunos=A},{TX_RESP_Q030_alunos=A},{TX_RESP_Q045_alunos=B}";"=>";"{TX_RESP_Q029_alunos=A}";"0.648351648351648";"0.960912052117264";"1.09394908351965";885
"{TX_RESP_Q027_alunos=A},{TX_RESP_Q028_alunos=A},{TX_RESP_Q029_alunos=A},{TX_RESP_Q030_alunos=A}";"=>";"{TX_RESP_Q045_alunos=B}";"0.648351648351648";"0.806745670009116";"1.04478922159625";885
"{TX_RESP_Q013_alunos=A},{TX_RESP_Q028_alunos=A},{TX_RESP_Q029_alunos=A},{TX_RESP_Q055_alunos=A}";"=>";"{TX_RESP_Q030_alunos=A}";"0.515018315018315";"0.98047419804742";"1.08632084442754";703
"{TX_RESP_Q013_alunos=A},{TX_RESP_Q029_alunos=A},{TX_RESP_Q030_alunos=A},{TX_RESP_Q055_alunos=A}";"=>";"{TX_RESP_Q028_alunos=A}";"0.515018315018315";"0.973684210526316";"1.09841235319704";703
"{TX_RESP_Q013_alunos=A},{TX_RESP_Q028_alunos=A},{TX_RESP_Q030_alunos=A},{TX_RESP_Q055_alunos=A}";"=>";"{TX_RESP_Q029_alunos=A}";"0.515018315018315";"0.959072305593452";"1.09185462646794";703
"{TX_RESP_Q013_alunos=A},{TX_RESP_Q028_alunos=A},{TX_RESP_Q029_alunos=A},{TX_RESP_Q030_alunos=A}";"=>";"{TX_RESP_Q055_alunos=A}";"0.515018315018315";"0.803428571428571";"1.03362865221489";703
"{TX_RESP_Q013_alunos=A},{TX_RESP_Q028_alunos=A},{TX_RESP_Q029_alunos=A},{TX_RESP_Q055_alunos=A}";"=>";"{TX_RESP_Q027_alunos=A}";"0.517216117216117";"0.98465829846583";"1.06840904404281";706
"{TX_RESP_Q013_alunos=A},{TX_RESP_Q027_alunos=A},{TX_RESP_Q029_alunos=A},{TX_RESP_Q055_alunos=A}";"=>";"{TX_RESP_Q028_alunos=A}";"0.517216117216117";"0.968449931412894";"1.09250756725504";706
"{TX_RESP_Q013_alunos=A},{TX_RESP_Q027_alunos=A},{TX_RESP_Q028_alunos=A},{TX_RESP_Q055_alunos=A}";"=>";"{TX_RESP_Q029_alunos=A}";"0.517216117216117";"0.954054054054054";"1.08614160449023";706
"{TX_RESP_Q013_alunos=A},{TX_RESP_Q029_alunos=A},{TX_RESP_Q030_alunos=A},{TX_RESP_Q055_alunos=A}";"=>";"{TX_RESP_Q027_alunos=A}";"0.520879120879121";"0.984764542936288";"1.06852432520511";711
"{TX_RESP_Q013_alunos=A},{TX_RESP_Q027_alunos=A},{TX_RESP_Q029_alunos=A},{TX_RESP_Q055_alunos=A}";"=>";"{TX_RESP_Q030_alunos=A}";"0.520879120879121";"0.975308641975309";"1.08059764309764";711
"{TX_RESP_Q013_alunos=A},{TX_RESP_Q027_alunos=A},{TX_RESP_Q030_alunos=A},{TX_RESP_Q055_alunos=A}";"=>";"{TX_RESP_Q029_alunos=A}";"0.520879120879121";"0.945478723404255";"1.07637903039767";711
"{TX_RESP_Q013_alunos=A},{TX_RESP_Q028_alunos=A},{TX_RESP_Q030_alunos=A},{TX_RESP_Q055_alunos=A}";"=>";"{TX_RESP_Q027_alunos=A}";"0.528205128205128";"0.983628922237381";"1.06729211355646";721
"{TX_RESP_Q013_alunos=A},{TX_RESP_Q027_alunos=A},{TX_RESP_Q028_alunos=A},{TX_RESP_Q055_alunos=A}";"=>";"{TX_RESP_Q030_alunos=A}";"0.528205128205128";"0.974324324324324";"1.07950706388206";721
"{TX_RESP_Q013_alunos=A},{TX_RESP_Q027_alunos=A},{TX_RESP_Q030_alunos=A},{TX_RESP_Q055_alunos=A}";"=>";"{TX_RESP_Q028_alunos=A}";"0.528205128205128";"0.958776595744681";"1.08159508528222";721
"{TX_RESP_Q013_alunos=A},{TX_RESP_Q027_alunos=A},{TX_RESP_Q028_alunos=A},{TX_RESP_Q030_alunos=A}";"=>";"{TX_RESP_Q055_alunos=A}";"0.528205128205128";"0.805586592178771";"1.03640499370784";721
"{TX_RESP_Q028_alunos=A},{TX_RESP_Q029_alunos=A},{TX_RESP_Q030_alunos=A},{TX_RESP_Q055_alunos=A}";"=>";"{TX_RESP_Q027_alunos=A}";"0.650549450549451";"0.983388704318937";"1.06703146374829";888
"{TX_RESP_Q027_alunos=A},{TX_RESP_Q028_alunos=A},{TX_RESP_Q029_alunos=A},{TX_RESP_Q055_alunos=A}";"=>";"{TX_RESP_Q030_alunos=A}";"0.650549450549451";"0.98121546961326";"1.08714213962833";888
"{TX_RESP_Q027_alunos=A},{TX_RESP_Q029_alunos=A},{TX_RESP_Q030_alunos=A},{TX_RESP_Q055_alunos=A}";"=>";"{TX_RESP_Q028_alunos=A}";"0.650549450549451";"0.974753018660812";"1.09961807477026";888
"{TX_RESP_Q027_alunos=A},{TX_RESP_Q028_alunos=A},{TX_RESP_Q030_alunos=A},{TX_RESP_Q055_alunos=A}";"=>";"{TX_RESP_Q029_alunos=A}";"0.650549450549451";"0.957928802588997";"1.09055280695078";888
"{TX_RESP_Q027_alunos=A},{TX_RESP_Q028_alunos=A},{TX_RESP_Q029_alunos=A},{TX_RESP_Q030_alunos=A}";"=>";"{TX_RESP_Q055_alunos=A}";"0.650549450549451";"0.809480401093892";"1.04141446512079";888
"{TX_RESP_Q013_alunos=A},{TX_RESP_Q028_alunos=A},{TX_RESP_Q029_alunos=A},{TX_RESP_Q030_alunos=A}";"=>";"{TX_RESP_Q027_alunos=A}";"0.630769230769231";"0.984";"1.06769475357711";861
"{TX_RESP_Q013_alunos=A},{TX_RESP_Q027_alunos=A},{TX_RESP_Q028_alunos=A},{TX_RESP_Q029_alunos=A}";"=>";"{TX_RESP_Q030_alunos=A}";"0.630769230769231";"0.972881355932203";"1.07790832049307";861
"{TX_RESP_Q013_alunos=A},{TX_RESP_Q027_alunos=A},{TX_RESP_Q029_alunos=A},{TX_RESP_Q030_alunos=A}";"=>";"{TX_RESP_Q028_alunos=A}";"0.630769230769231";"0.9652466367713";"1.08889393321721";861
"{TX_RESP_Q013_alunos=A},{TX_RESP_Q027_alunos=A},{TX_RESP_Q028_alunos=A},{TX_RESP_Q030_alunos=A}";"=>";"{TX_RESP_Q029_alunos=A}";"0.630769230769231";"0.962011173184358";"1.0952003764776";861
"{TX_RESP_Q028_alunos=A},{TX_RESP_Q029_alunos=A},{TX_RESP_Q030_alunos=A},{TX_RESP_Q045_alunos=B},{TX_RESP_Q055_alunos=A}";"=>";"{TX_RESP_Q027_alunos=A}";"0.526739926739927";"0.986282578875171";"1.07017147866821";719
"{TX_RESP_Q027_alunos=A},{TX_RESP_Q028_alunos=A},{TX_RESP_Q029_alunos=A},{TX_RESP_Q045_alunos=B},{TX_RESP_Q055_alunos=A}";"=>";"{TX_RESP_Q030_alunos=A}";"0.526739926739927";"0.984931506849315";"1.09125933997509";719
"{TX_RESP_Q027_alunos=A},{TX_RESP_Q029_alunos=A},{TX_RESP_Q030_alunos=A},{TX_RESP_Q045_alunos=B},{TX_RESP_Q055_alunos=A}";"=>";"{TX_RESP_Q028_alunos=A}";"0.526739926739927";"0.976902173913043";"1.10204253503414";719
"{TX_RESP_Q027_alunos=A},{TX_RESP_Q028_alunos=A},{TX_RESP_Q030_alunos=A},{TX_RESP_Q045_alunos=B},{TX_RESP_Q055_alunos=A}";"=>";"{TX_RESP_Q029_alunos=A}";"0.526739926739927";"0.958666666666667";"1.09139282735613";719
"{TX_RESP_Q027_alunos=A},{TX_RESP_Q028_alunos=A},{TX_RESP_Q029_alunos=A},{TX_RESP_Q030_alunos=A},{TX_RESP_Q045_alunos=B}";"=>";"{TX_RESP_Q055_alunos=A}";"0.526739926739927";"0.812429378531073";"1.04520838991038";719
"{TX_RESP_Q027_alunos=A},{TX_RESP_Q028_alunos=A},{TX_RESP_Q029_alunos=A},{TX_RESP_Q030_alunos=A},{TX_RESP_Q055_alunos=A}";"=>";"{TX_RESP_Q045_alunos=B}";"0.526739926739927";"0.809684684684685";"1.04859544079184";719
"{TX_RESP_Q013_alunos=A},{TX_RESP_Q028_alunos=A},{TX_RESP_Q029_alunos=A},{TX_RESP_Q030_alunos=A},{TX_RESP_Q045_alunos=B}";"=>";"{TX_RESP_Q027_alunos=A}";"0.512087912087912";"0.98589562764457";"1.06975161505154";699
"{TX_RESP_Q013_alunos=A},{TX_RESP_Q027_alunos=A},{TX_RESP_Q028_alunos=A},{TX_RESP_Q029_alunos=A},{TX_RESP_Q045_alunos=B}";"=>";"{TX_RESP_Q030_alunos=A}";"0.512087912087912";"0.976256983240223";"1.08164836211275";699
"{TX_RESP_Q013_alunos=A},{TX_RESP_Q027_alunos=A},{TX_RESP_Q029_alunos=A},{TX_RESP_Q030_alunos=A},{TX_RESP_Q045_alunos=B}";"=>";"{TX_RESP_Q028_alunos=A}";"0.512087912087912";"0.969486823855756";"1.0936772847629";699
"{TX_RESP_Q013_alunos=A},{TX_RESP_Q027_alunos=A},{TX_RESP_Q028_alunos=A},{TX_RESP_Q030_alunos=A},{TX_RESP_Q045_alunos=B}";"=>";"{TX_RESP_Q029_alunos=A}";"0.512087912087912";"0.961485557083906";"1.09460198950753";699
"{TX_RESP_Q013_alunos=A},{TX_RESP_Q027_alunos=A},{TX_RESP_Q028_alunos=A},{TX_RESP_Q029_alunos=A},{TX_RESP_Q030_alunos=A}";"=>";"{TX_RESP_Q045_alunos=B}";"0.512087912087912";"0.81184668989547";"1.05139538112649";699
"{TX_RESP_Q013_alunos=A},{TX_RESP_Q028_alunos=A},{TX_RESP_Q029_alunos=A},{TX_RESP_Q030_alunos=A},{TX_RESP_Q055_alunos=A}";"=>";"{TX_RESP_Q027_alunos=A}";"0.506959706959707";"0.984352773826458";"1.06807753280852";692
"{TX_RESP_Q013_alunos=A},{TX_RESP_Q027_alunos=A},{TX_RESP_Q028_alunos=A},{TX_RESP_Q029_alunos=A},{TX_RESP_Q055_alunos=A}";"=>";"{TX_RESP_Q030_alunos=A}";"0.506959706959707";"0.980169971671388";"1.08598377543137";692
"{TX_RESP_Q013_alunos=A},{TX_RESP_Q027_alunos=A},{TX_RESP_Q029_alunos=A},{TX_RESP_Q030_alunos=A},{TX_RESP_Q055_alunos=A}";"=>";"{TX_RESP_Q028_alunos=A}";"0.506959706959707";"0.973277074542897";"1.09795306343062";692
"{TX_RESP_Q013_alunos=A},{TX_RESP_Q027_alunos=A},{TX_RESP_Q028_alunos=A},{TX_RESP_Q030_alunos=A},{TX_RESP_Q055_alunos=A}";"=>";"{TX_RESP_Q029_alunos=A}";"0.506959706959707";"0.959778085991678";"1.09265812124991";692
"{TX_RESP_Q013_alunos=A},{TX_RESP_Q027_alunos=A},{TX_RESP_Q028_alunos=A},{TX_RESP_Q029_alunos=A},{TX_RESP_Q030_alunos=A}";"=>";"{TX_RESP_Q055_alunos=A}";"0.506959706959707";"0.803716608594657";"1.03399921840877";692
